商品,店铺,价格,成交量,图片链接,地点
"Apple/苹果 27 英寸
iMac
Retina 5K 显示屏 3.8GHz 处理器 2TB 存储容量",applestore官方旗舰店,18131.0,0,//g-search3.alicdn.com/img/bao/uploaded/i4/i2/TB1ZFIfRVXXXXapaXXXXXXXXXXX_!!0-item_pic.jpg,上海
"Apple/苹果 27 英寸
iMac
Retina 5K 显示屏 3.5GHz 处理器 1TB 存储容量",applestore官方旗舰店,15752.0,0,//g-search3.alicdn.com/img/bao/uploaded/i4/i2/TB1OvsDRVXXXXc2XpXXXXXXXXXX_!!0-item_pic.jpg,上海
"Apple/苹果
iMac
21.5英寸一体机 品牌台式电脑主机(I5 8G 1T MMQA2CH/A)",苏宁易购官方旗舰店,7988.0,6,//g-search3.alicdn.com/img/bao/uploaded/i4/i1/2616970884/TB1Qk68bjrguuRjy0FeXXXcbFXa_!!0-item_pic.jpg,江苏 南京
"国行Apple/苹果 MNEA2CH/A 27英寸
iMac
台式一体机办公学习电脑",卓辰数码旗舰店,14888.0,3,//g-search2.alicdn.com/img/bao/uploaded/i4/i3/1669409267/O1CN01j3l7DJ2IKKoesP8jb_!!0-item_pic.jpg,浙江 杭州
"国行Apple/苹果 MNE02CH/A 21.5英寸
iMac
台式一体机办公学习电脑",卓辰数码旗舰店,11288.0,2,//g-search2.alicdn.com/img/bao/uploaded/i4/i2/1669409267/O1CN01IKFvrf2IKKodueygi_!!0-item_pic.jpg,浙江 杭州
"2017款苹果 MNE92CH/A 27英寸
iMac
台式一体机办公学习电脑",禾木林数码专营店,13288.0,1,//g-search2.alicdn.com/img/bao/uploaded/i4/i4/1708919206/TB10rSxzntYBeNjy1XdXXXXyVXa_!!0-item_pic.jpg,广东 深圳
"2017款苹果 MNDY2CH/A 21.5英寸
iMac
台式一体机办公学习电脑",禾木林数码专营店,9588.0,0,//g-search1.alicdn.com/img/bao/uploaded/i4/i2/1708919206/TB1uzsFy7CWBuNjy0FaXXXUlXXa_!!0-item_pic.jpg,广东 深圳
"Apple/苹果 MMQA2CH/A 21.5英寸
iMac
2017款双核Core i5 处理器/8GB内存/1TB存储 台式一体机电脑 国行 顺电",顺电旗舰店,7888.0,4,//g-search3.alicdn.com/img/bao/uploaded/i4/i4/4156286767/O1CN011zrKe4PKNdTDXaQ_!!0-item_pic.jpg,广东 深圳
"Apple/苹果 21.5英寸
iMac
台式一体机办公学习电脑 国行原装正品 台式电脑 MMQA2CH/A",迈向数码旗舰店,8388.0,0,//g-search2.alicdn.com/img/bao/uploaded/i4/i1/4036567658/O1CN0126RPXsX71gLgSRw_!!0-item_pic.jpg,北京
"Apple/苹果 21.5 英寸
iMac
Retina 4K 显示屏 3.4GHz 处理器 1TB 存储容量 学习办公游戏电脑 台式一体机",迈向数码旗舰店,11388.0,0,//g-search2.alicdn.com/img/bao/uploaded/i4/i1/4036567658/O1CN01a9SzY726RPXrx2RYP_!!0-item_pic.jpg,北京
"Apple苹果一体机
iMAC
21.5 27寸ME087MK462超薄办公设计台式电脑",maxhongkong,2788.0,228,//g-search3.alicdn.com/img/bao/uploaded/i4/i3/2951536224/O1CN011vqda9ZBof1oQjB_!!2951536224.jpg,浙江 杭州
"2017新款Apple/苹果
iMac
一体机台式电脑4K5K超薄21.5 27寸Pro定制",blue_sky528,6880.0,214,//g-search3.alicdn.com/img/bao/uploaded/i4/i3/45740927/TB27BWpzH5YBuNjSspoXXbeNFXa_!!45740927.png,上海
"Apple苹果一体机21.5
imac
27英寸 ME086 087家用办公超薄台式电脑",乐途本本,5010.0,138,//g-search3.alicdn.com/img/bao/uploaded/i4/i4/193655820/O1CN011srbZSSDIdHC63y_!!0-item_pic.jpg,广东 广州
"Apple/苹果 21.5 英寸
iMac
2.3GHz 处理器 1TB 存储容量",applestore官方旗舰店,8613.0,0,//g-search2.alicdn.com/img/bao/uploaded/i4/i4/TB1EPAfRVXXXXcwXVXXXXXXXXXX_!!0-item_pic.jpg,上海
"Apple/苹果
imac
一体机电脑21.5 27寸超薄家用办公设计台式机电脑",汇源电脑科技,2800.0,159,//g-search3.alicdn.com/img/bao/uploaded/i4/i1/392947654/TB1F039nXzqK1RjSZFoXXbfcXXa_!!0-item_pic.jpg,广东 广州
"二手apple/苹果
imac
20 21.5 27寸 MC309 ME088超薄一体台式机电脑",maxaomen,1549.0,294,//g-search3.alicdn.com/img/bao/uploaded/i4/i4/3491250544/O1CN011FtBvhAmiheH6uw_!!3491250544.jpg,上海
"二手
imac
苹果一体机20 21.5 24 27英寸台式电脑全套家用办公MC309",汇发数码科技,1580.0,431,//g-search2.alicdn.com/img/bao/uploaded/i4/i3/4066005585/O1CN01vKbwoh1r7yV4D4mYX_!!4066005585.jpg,广东 深圳
"apple/苹果
imac
一体机电脑20 21.5 27寸超薄游戏办公台式机二手",纯vs斌,1566.0,416,//g-search2.alicdn.com/img/bao/uploaded/i4/i3/2553477237/O1CN0123KanQob89tejTE_!!0-item_pic.jpg,广东 深圳
"2017款21.5 27寸Apple/苹果
iMac
一体机MK142CH/A MMQA2 4K 5K Pro",bai_203,6860.0,87,//g-search2.alicdn.com/img/bao/uploaded/i4/i3/37656861/TB2MCGhgH5YBuNjSspoXXbeNFXa_!!37656861.jpg,上海
"2017新款Apple/苹果
iMac
一体机21.5 27寸超薄台式电脑4K5K定制Pro",尤里xx,6860.0,38,//g-search3.alicdn.com/img/bao/uploaded/i4/i1/112417306/O1CN0123qC7jR2iHpjOEL_!!112417306.jpg,江苏 南京
"2017新款Apple/苹果21.5寸
iMac
一体机MNE92CH/A MMQA2国行定制4K",zjdtpprint,6879.51,42,//g-search1.alicdn.com/img/bao/uploaded/i4/i1/55285307/O1CN011p4eOYYdp0xYE9b_!!55285307.jpg,浙江 杭州
"2017新款Apple/苹果 MNED2CH/A Retina 5K 27寸 一体机
iMac
Pro",李小麦的店,12150.0,19,//g-search2.alicdn.com/img/bao/uploaded/i4/i1/2539737278/O1CN0123dN1OUwmCuyWX7_!!2539737278.jpg,北京
"Apple苹果
iMAC
一体机21 27寸超薄台式电脑办公设计游戏剪辑独显",lsx淘依阁,1499.0,176,//g-search3.alicdn.com/img/bao/uploaded/i4/i2/2492931708/O1CN011OUIwhgMU0dSmGT_!!2492931708.jpg,广东 深圳
"Apple/苹果台式一体机电脑MNED2CH/A 27英寸
iMac
家用办公学习电独显正品",onezero美承数码旗舰店,17088.0,0,//g-search3.alicdn.com/img/bao/uploaded/i4/i1/4129257698/O1CN0126jjN2s44TmDftz_!!4129257698.jpg,上海
"Apple/苹果台式一体机电脑MNE02CH/A 21.5英寸
iMac
家用办公学习电脑独显旗舰店正品",onezero美承数码旗舰店,10988.0,0,//g-search3.alicdn.com/img/bao/uploaded/i4/i1/4129257698/O1CN0126jjN1kdTDlQJDu_!!4129257698.jpg,上海
"2017年新款Apple/苹果
iMac
MNE02CH/A 21寸一体机 4K屏 16G 定制",李小麦的店,7150.0,12,//g-search2.alicdn.com/img/bao/uploaded/i4/i2/2539737278/O1CN0123dN1OMP3h4AmBf_!!2539737278.jpg,北京
"2017款苹果27寸
iMac
PRO MQ2Y2CH/A 标配现货即发，可升级定制",zjdtpprint,10000.0,12,//g-search2.alicdn.com/img/bao/uploaded/i4/i2/55285307/O1CN011p4eOXfRAAk30Te_!!55285307.jpg,浙江 杭州
"Apple苹果一体机
iMAC
21.5 27寸 MK462 ME087二手超薄台式电脑",maxhongkong,2788.0,9,//g-search3.alicdn.com/img/bao/uploaded/i4/i3/2951536224/O1CN011vqda9JEz5jLaK1_!!2951536224.jpg,浙江 杭州
"Apple/苹果一体机台式电脑
iMac
21.5 27寸 ME088 MC309独显办公",乐途本本,5010.0,17,//g-search3.alicdn.com/img/bao/uploaded/i4/i2/193655820/O1CN011srbZOFJwKnW5bE_!!0-item_pic.jpg,广东 广州
"国行27寸Apple/苹果5K
iMac
一体机DY2 ED2 E02 QA2 2017新款现货",壶煮三江雪,7020.0,6,//g-search2.alicdn.com/img/bao/uploaded/i4/i2/11628952/TB29nznspXXXXbyXpXXXXXXXXXX_!!11628952.png,四川 成都
"Apple苹果一体机21寸
iMac
27独显办公剪辑游戏超薄台式电脑二手",jiangdaonba,1566.0,81,//g-search3.alicdn.com/img/bao/uploaded/i4/i2/65961723/O1CN011ObAskJ6nkEhiIc_!!65961723.jpg,广东 深圳
"Apple苹果一体机
iMac
21.527英寸家用全套超薄办公台式电脑mC81309",365cl,2930.0,102,//g-search2.alicdn.com/img/bao/uploaded/i4/i2/483485820/O1CN011srbZskdYuLL3LV_!!483485820.jpg,广东 深圳
"苹果团
iMac
一体机 MQA2 NDY2 E92 EA2 ED2 【17年6月新款】",安琪糖糖,13000.0,7,//g-search3.alicdn.com/img/bao/uploaded/i4/i4/272364127/TB2wNHvriC9MuFjSZFoXXbUzFXa_!!272364127.png,广东 深圳
"二手苹果一体机电脑Apple/苹果
iMac
21 27寸超薄办公台式主机独显",盈达通讯数码,1599.0,14,//g-search2.alicdn.com/img/bao/uploaded/i4/i2/125786853/O1CN0120UiiFN0Y2Ode0U_!!125786853.jpg,广东 深圳
"Apple/苹果
iMac
21寸27寸家用游戏办公台式二手超薄一体机电脑",山水电子集团,3398.0,1,//g-search3.alicdn.com/img/bao/uploaded/i4/i1/3321324975/TB2ZxHfXnlcwKJjSZFqXXc2kFXa_!!3321324975.jpg,广东 广州
"Apple/苹果
iMac
21.5寸 MK452 MNE92超薄一体机台式苹果电脑27寸",njjbj,3525.0,3,//g-search3.alicdn.com/img/bao/uploaded/i4/i4/260700213/O1CN011DRapmdyUG1QeBY_!!260700213.jpg,上海
"Apple/苹果
iMac
21.5寸MC309CH/AMB950 ME086 超薄一体机台式电脑",njjbj,3049.97,2,//g-search1.alicdn.com/img/bao/uploaded/i4/i4/260700213/O1CN011DRapk15lYN1h2p_!!260700213.jpg,上海
"2017新款Apple/苹果
iMac
一体机21.5 27寸超薄台式电脑4K5K定制Pro",静房王树楷,7200.0,3,//g-search3.alicdn.com/img/bao/uploaded/i4/i1/13415000/O1CN011mo2nHmvL9qjomb_!!13415000.jpg,上海
"Apple
iMac
二手苹果一体机电脑超薄27寸5K21.5寸独显设计办公游戏",书杰9588,3000.0,29,//g-search3.alicdn.com/img/bao/uploaded/i4/i1/823371612/O1CN011NmKuBSG15wmBe8_!!823371612.jpg,上海
"2017新款27寸Apple/苹果MNE92一体机
iMac
Pro台式电脑主机5K定制",blue_sky528,11580.0,5,//g-search2.alicdn.com/img/bao/uploaded/i4/i3/45740927/O1CN011IibbJ2eKpUV8pg_!!45740927.jpg,上海
"2017新款21.5 27寸
iMac
国行一体机Apple/苹果MK142CH/A MNDY2 4K",朗朗电玩,7021.05,5,//g-search3.alicdn.com/img/bao/uploaded/i4/i3/129307262/TB2eoc1rWmWBuNjy1XaXXXCbXXa_!!129307262.jpg,浙江 杭州
"Apple/苹果一体机
iMac
台式电脑21.5寸超薄27寸ME087ME088家用办公",敏敏e天,2688.0,51,//g-search3.alicdn.com/img/bao/uploaded/i4/i3/720148425/O1CN012C6hK2sW9JQdoeD_!!720148425.jpg,浙江 杭州
"2017新款27寸5K苹果/Apple
iMac
Pro一体机台式电脑MQ2Y2CH/A定制",尤里xx,32980.0,1,//g-search3.alicdn.com/img/bao/uploaded/i4/i4/112417306/TB2A6YsjhGYBuNjy0FnXXX5lpXa_!!112417306.jpg,江苏 南京
"2017新款Apple/苹果21.5 27寸
iMac
一体机超薄MQ2Y2 4K 5K Pro定制",bai_203,11560.0,1,//g-search1.alicdn.com/img/bao/uploaded/i4/i1/37656861/TB2W53IksbI8KJjy1zdXXbe1VXa_!!37656861.jpg,上海
"2017款Apple/苹果 MNE92CH/A
iMac
一体机台式电脑5K超薄27寸定制",nanncy8313256_2009,11488.0,2,//g-search1.alicdn.com/img/bao/uploaded/i4/i2/245400903/O1CN011IXc70mHXhy3Noa_!!245400903.jpg,上海
"2017款21.5 27寸Apple/苹果
iMac
一体机MK142CH/A QA2 E02 E92 Pro",麦克团mactuancom,7200.0,3,//g-search2.alicdn.com/img/bao/uploaded/i4/i4/2430166508/TB26HBeuxSYBuNjSspjXXX73VXa_!!2430166508.jpg,北京
"17款苹果
iMac
一体机Apple/苹果MNE92CH/A 21寸4k 27寸5k定制现货",小俊店铺tb,6980.0,2,//g-search1.alicdn.com/img/bao/uploaded/i4/i1/2647258392/TB2KKK2XQvoK1RjSZFDXXXY3pXa_!!2647258392.jpg,广东 深圳
"imac
二手苹果一体机20寸 21.5寸 27寸 超薄独显台式电脑主机办公",婷婷201098,1360.0,26,//g-search3.alicdn.com/img/bao/uploaded/i4/i3/382897510/TB27.QMDNSYBuNjSspjXXX73VXa_!!382897510.jpg,广东 广州
"Apple苹果一体机电脑
imac
超薄21.5 27英寸办公家用高配全套台式机",韩氏乐淘,4900.0,0,//g-search1.alicdn.com/img/bao/uploaded/i4/imgextra/i1/47152590/TB25NtosyQnBKNjSZFmXXcApVXa_!!0-saturn_solar.jpg,北京
电脑桌面增高支架显示器增高垫高底座一体机抬高笔记本电脑iMac,shoppingnet,85.0,25,//g-search1.alicdn.com/img/bao/uploaded/i4/imgextra/i2/16051600/TB2.FoEcyAnBKNjSZFvXXaTKXXa_!!2-saturn_solar.png,上海
"Apple苹果一体机
imac
21.5 27英寸超薄台式电脑 4k 5k屏游戏办公",apple良品,4880.0,16,//g-search1.alicdn.com/img/bao/uploaded/i4/imgextra/i2/124050065/O1CN011CLoDPJus0UGy1r_!!0-saturn_solar.jpg,北京
"2017新款21.5 27寸
iMac
国行一体机Apple/苹果MK142CH/A MNDY2 4K",朗朗电玩,7021.05,5,//g-search1.alicdn.com/img/bao/uploaded/i4/i3/129307262/TB2eoc1rWmWBuNjy1XaXXXCbXXa_!!129307262.jpg,浙江 杭州
"apple/苹果
imac
一体机电脑20 24寸办公台式机二手",纯vs斌,2288.0,7,//g-search1.alicdn.com/img/bao/uploaded/i4/i4/2553477237/O1CN0123KanOvG86tqMQK_!!2553477237.jpg,广东 深圳
"二手Apple苹果
iMac
一体机 21/27寸 ME087 088 商务办公游戏一体机",千亿小王子,2600.0,2,//g-search1.alicdn.com/img/bao/uploaded/i4/i2/2991995162/O1CN011o0EwpmNbPVuzG5_!!2991995162.jpg,上海
"Apple/苹果一体机
iMac
21.5 27寸ME088 089 087超薄台式电脑",zwc911726,2888.0,2,//g-search3.alicdn.com/img/bao/uploaded/i4/i3/16107354/TB2hI4OXUKtLeJjy0FiXXcvnVXa_!!16107354.jpg,北京
"2017款苹果 MNE92CH/A 27英寸
iMac
台式一体机办公学习电脑",禾木林数码专营店,13288.0,1,//g-search3.alicdn.com/img/bao/uploaded/i4/i4/1708919206/TB10rSxzntYBeNjy1XdXXXXyVXa_!!0-item_pic.jpg,广东 深圳
"Apple/苹果 21.5 英寸
iMac
Retina 4K 显示屏 3.0GHz 处理器 1TB 存储容量",applestore官方旗舰店,10200.0,0,//g-search2.alicdn.com/img/bao/uploaded/i4/i4/TB1PAwnRVXXXXaGXVXXXXXXXXXX_!!0-item_pic.jpg,上海
"Apple/苹果 27 英寸
iMac
Retina 5K 显示屏 3.8GHz 处理器 2TB 存储容量",applestore官方旗舰店,18131.0,0,//g-search2.alicdn.com/img/bao/uploaded/i4/i2/TB1ZFIfRVXXXXapaXXXXXXXXXXX_!!0-item_pic.jpg,上海
"Apple苹果一体机电脑
imac
21.5 27寸5K 超薄设计办公家用台式电脑",毛靖晗20,3028.0,4,//g-search1.alicdn.com/img/bao/uploaded/i4/i1/1881843661/TB28tX1yXmWBuNjSspdXXbugXXa_!!1881843661.jpg,浙江 杭州
"Apple苹果一体机
iMac
27寸 MK482 ME088 5k超薄办公家用台式电脑",maxhongkong,3990.0,3,//g-search2.alicdn.com/img/bao/uploaded/i4/i1/2951536224/O1CN011vqda8ygiEUUW35_!!2951536224.jpg,浙江 杭州
"Apple/苹果一体机21.5
iMac
27寸原装包邮办公游戏家用超薄台式电脑",乐途本本,5600.0,3,//g-search3.alicdn.com/img/bao/uploaded/i4/i4/193655820/O1CN011srbZVzYIEKRp2M_!!0-item_pic.jpg,广东 广州
"二手Apple/苹果
iMac
一体机 21.5寸 27寸 超薄家用办公台式电脑",北京志行博远数码,3288.0,1,//g-search1.alicdn.com/img/bao/uploaded/i4/i2/2888356908/TB2_0jOceUXBuNjt_a0XXcysXXa_!!2888356908.jpg,北京
"Apple苹果一体机电脑
imac
21.5寸27寸 MD093超薄设计办公家用台式",乐途本本,5010.0,4,//g-search3.alicdn.com/img/bao/uploaded/i4/i4/193655820/O1CN011srbZUnWdnE2snK_!!0-item_pic.jpg,广东 广州
"apple/苹果
imac
21.5 27寸 MC309 ME088超薄一体机台式机电脑",纯vs斌,1999.0,9,//g-search3.alicdn.com/img/bao/uploaded/i4/i1/2553477237/TB2Zm3gE4WYBuNjy1zkXXXGGpXa_!!2553477237.jpg,广东 深圳
"apple苹果 一体机
imac
24寸 A1225办公前台家用台式电脑",游泳一起,1450.0,2,//g-search3.alicdn.com/img/bao/uploaded/i4/i2/1604049891/O1CN012Mw7wXJASbm14sn_!!1604049891.jpg,广东 佛山
"二手apple苹果
imac
一体机20/21.5/27寸超薄独显设计办公台式电脑",颐高数码b15档,1410.0,4,//g-search1.alicdn.com/img/bao/uploaded/i4/i1/3257825196/TB2axxNChSYBuNjSsphXXbGvVXa_!!3257825196.jpg,广东 广州
"17款Apple/苹果
iMac
21寸DY2 EO2 27寸E92 EA2 ED2国行原封一体机",慈恩科技,9980.0,4,//g-search3.alicdn.com/img/bao/uploaded/i4/i3/124884970/O1CN011maItpCtjhrxnro_!!124884970.jpg,江苏 南京
"国行Apple/苹果 MNE92CH/A 27英寸
iMac
台式一体机办公学习电脑",卓辰数码旗舰店,14088.0,1,//g-search1.alicdn.com/img/bao/uploaded/i4/i4/1669409267/O1CN01Ubnr5A2IKKoeHt1hV_!!0-item_pic.jpg,浙江 杭州
"国行Apple/苹果 MNE02CH/A 21.5英寸
iMac
台式一体机办公学习电脑",卓辰数码旗舰店,11288.0,2,//g-search3.alicdn.com/img/bao/uploaded/i4/i2/1669409267/O1CN01IKFvrf2IKKodueygi_!!0-item_pic.jpg,浙江 杭州
"2017新款Apple/苹果
iMac
一体机电脑4K 5K超薄21.5 27寸台式电脑",hd5578396640370,6988.0,3,//g-search1.alicdn.com/img/bao/uploaded/i4/i3/289472096/TB2rCGqsVGWBuNjy0FbXXb4sXXa_!!289472096.jpg,四川 成都
"2017新款27寸5K苹果/Apple
iMac
Pro一体机台式电脑MQ2Y2CH/A定制",尤里xx,32980.0,1,//g-search3.alicdn.com/img/bao/uploaded/i4/i4/112417306/TB2A6YsjhGYBuNjy0FnXXX5lpXa_!!112417306.jpg,江苏 南京
"Apple/苹果
iMac
21.5寸MC309CH/AMB950 ME086 超薄一体机台式电脑",njjbj,3049.97,2,//g-search1.alicdn.com/img/bao/uploaded/i4/i4/260700213/O1CN011DRapk15lYN1h2p_!!260700213.jpg,上海
"2017新款Apple/苹果21.5 27寸
iMac
一体机超薄MQ2Y2 4K 5K Pro定制",bai_203,11560.0,1,//g-search3.alicdn.com/img/bao/uploaded/i4/i1/37656861/TB2W53IksbI8KJjy1zdXXbe1VXa_!!37656861.jpg,上海
"2017款21.5 27寸Apple/苹果
iMac
一体机MK142CH/A QA2 E02 E92 Pro",麦克团mactuancom,7200.0,3,//g-search2.alicdn.com/img/bao/uploaded/i4/i4/2430166508/TB26HBeuxSYBuNjSspjXXX73VXa_!!2430166508.jpg,北京
"Apple/苹果 MMQA2CH/A 21.5英寸
iMac
2017款双核Core i5 处理器/8GB内存/1TB存储 台式一体机电脑 国行 顺电",顺电旗舰店,7888.0,4,//g-search1.alicdn.com/img/bao/uploaded/i4/i4/4156286767/O1CN011zrKe4PKNdTDXaQ_!!0-item_pic.jpg,广东 深圳
"17款苹果
iMac
一体机Apple/苹果MNE92CH/A 21寸4k 27寸5k定制现货",小俊店铺tb,6980.0,2,//g-search3.alicdn.com/img/bao/uploaded/i4/i1/2647258392/TB2KKK2XQvoK1RjSZFDXXXY3pXa_!!2647258392.jpg,广东 深圳
"2017款Apple/苹果 MNE92CH/A
iMac
一体机台式电脑5K超薄27寸定制",nanncy8313256_2009,11488.0,2,//g-search2.alicdn.com/img/bao/uploaded/i4/i2/245400903/O1CN011IXc70mHXhy3Noa_!!245400903.jpg,上海
"iMac
二手Apple/苹果一体机20寸24寸21.5寸27寸办公设计台式机电脑",正品二手市场,1280.0,2,//g-search2.alicdn.com/img/bao/uploaded/i4/i2/1066092528/TB2um8PdviSBuNkSnhJXXbDcpXa_!!1066092528.jpg,广东 深圳
"蓝鲸Recycle二手Apple/苹果超薄一体机21寸
iMac
27寸办公台式电脑",benjamin92355,4299.0,1,//g-search2.alicdn.com/img/bao/uploaded/i4/i3/32489722/TB26NlTeyC9MuFjSZFoXXbUzFXa_!!32489722.jpg,浙江 杭州
"17年新款Apple/苹果
iMac
27寸 MK482 高清5K超薄一体机办公台式机",沉默也是一种罪,6770.61,2,//g-search2.alicdn.com/img/bao/uploaded/i4/i3/113872688/O1CN011Vj963chUkuhWZd_!!113872688.jpg,广东 广州
"2017款Apple/苹果27寸
iMac
苹果电脑办公学习一体机MNE92CH/A国行",承诺的微笑3,11750.0,4,//g-search1.alicdn.com/img/bao/uploaded/i4/i1/805858530/O1CN012Csmu8dP7o2RiIO_!!805858530.jpg,广东 广州
"imac
二手一体机苹果20寸 21.5寸 27寸 超薄独显台式电脑主机办公",海利科技_123,1288.0,1,//g-search1.alicdn.com/img/bao/uploaded/i4/i4/743512719/TB2llM0v7yWBuNjy0FpXXassXXa_!!743512719.jpg,广东 广州
"21.5寸Apple/苹果一体机电脑
iMAC
27寸MC814独显办公家用整机全套",foreenling,1450.0,1,//g-search3.alicdn.com/img/bao/uploaded/i4/i3/1754922363/O1CN011TKIMCQb5P9uQSp_!!1754922363.jpg,广东 广州
"Apple/苹果台式一体机电脑MNE02CH/A 21.5英寸
iMac
家用办公学习电脑独显旗舰店正品",onezero美承数码旗舰店,10988.0,0,//g-search1.alicdn.com/img/bao/uploaded/i4/i1/4129257698/O1CN0126jjN1kdTDlQJDu_!!4129257698.jpg,上海
"2017新款Apple/苹果
iMac
MNE02CH/A 21寸一体机 4K屏 16G 可定制",ygsd,7050.0,1,//g-search3.alicdn.com/img/bao/uploaded/i4/i1/898225/TB2ceyTBVOWBuNjy0FiXXXFxVXa_!!898225.jpg,北京
"2017款苹果 MNDY2CH/A 21.5英寸
iMac
台式一体机办公学习电脑",禾木林数码专营店,9588.0,0,//g-search3.alicdn.com/img/bao/uploaded/i4/i2/1708919206/TB1uzsFy7CWBuNjy0FaXXXUlXXa_!!0-item_pic.jpg,广东 深圳
"imac
原装二手一体机苹果20寸 27寸 超薄电脑主机办公游戏独显台式",tb45819969,1566.0,1,//g-search2.alicdn.com/img/bao/uploaded/i4/i2/1654941832/TB2F6MHfuuSBuNjSsziXXbq8pXa_!!1654941832.jpg,广东 深圳
"apple/苹果一体机电脑21.5寸MC309办公
imac
27游戏家用超薄ME086",雅辉数码彩显,3688.0,1,//g-search2.alicdn.com/img/bao/uploaded/i4/i4/42015781/TB2DbKbpYFlpuFjy0FgXXbRBVXa_!!42015781.jpg,广东 佛山
"Apple/苹果台式一体机电脑MNE92CH/A 27英寸
iMac
家用办公学习电脑独显旗舰店正品",onezero美承数码旗舰店,13388.0,0,//g-search3.alicdn.com/img/bao/uploaded/i4/i1/4129257698/O1CN0126jjN2s44TmDftz_!!4129257698.jpg,上海
"新款苹果一体机27寸
iMac
配备Retina5K显示器462472CH国行482实体",朗朗电玩,11650.0,1,//g-search2.alicdn.com/img/bao/uploaded/i4/i2/129307262/TB2C_fKrVGWBuNjy0FbXXb4sXXa_!!129307262.jpg,浙江 杭州
"Apple/苹果 21.5 英寸
iMac
Retina 4K 显示屏 3.4GHz 处理器 1TB 存储容量 学习办公游戏电脑 台式一体机",迈向数码旗舰店,11388.0,0,//g-search1.alicdn.com/img/bao/uploaded/i4/i1/4036567658/O1CN01a9SzY726RPXrx2RYP_!!0-item_pic.jpg,北京
"apple/苹果
imac
一体机电脑20 21.5 24 27寸超薄游戏办公台式二手",严道城,1368.0,8,//g-search2.alicdn.com/img/bao/uploaded/i4/i2/132200292/O1CN011E1m7Zls5Tw1KA4_!!132200292.jpg,广东 广州
"imac
二手苹果一体机20寸 21.5寸 27寸 超薄独显台式电脑主机办公",雅林液晶科技,1288.0,4,//g-search3.alicdn.com/img/bao/uploaded/i4/i4/1110078779/TB2lPgXvVmWBuNjSspdXXbugXXa_!!1110078779.jpg,广东 佛山
"Apple/苹果一体机
iMac
21.5 27寸ME088 089 087超薄台式电脑",zwc911726,2888.0,2,//g-search3.alicdn.com/img/bao/uploaded/i4/i3/16107354/TB2hI4OXUKtLeJjy0FiXXcvnVXa_!!16107354.jpg,北京
"apple/苹果
imac
21.5 27寸 MC309 ME088超薄一体机台式机电脑",纯vs斌,1999.0,9,//g-search3.alicdn.com/img/bao/uploaded/i4/i1/2553477237/TB2Zm3gE4WYBuNjy1zkXXXGGpXa_!!2553477237.jpg,广东 深圳
"apple苹果 一体机
imac
24寸 A1225办公前台家用台式电脑",游泳一起,1450.0,2,//g-search2.alicdn.com/img/bao/uploaded/i4/i2/1604049891/O1CN012Mw7wXJASbm14sn_!!1604049891.jpg,广东 佛山
"2017款Apple/苹果27寸
iMac
苹果电脑办公学习一体机MNE92CH/A国行",承诺的微笑3,11750.0,4,//g-search3.alicdn.com/img/bao/uploaded/i4/i1/805858530/O1CN012Csmu8dP7o2RiIO_!!805858530.jpg,广东 广州
"二手apple苹果
imac
一体机20/21.5/27寸超薄独显设计办公台式电脑",颐高数码b15档,1410.0,4,//g-search3.alicdn.com/img/bao/uploaded/i4/i1/3257825196/TB2axxNChSYBuNjSsphXXbGvVXa_!!3257825196.jpg,广东 广州
"2017新款Apple/苹果
iMac
一体机电脑4K 5K超薄21.5 27寸台式电脑",hd5578396640370,6988.0,3,//g-search2.alicdn.com/img/bao/uploaded/i4/i3/289472096/TB2rCGqsVGWBuNjy0FbXXb4sXXa_!!289472096.jpg,四川 成都
"apple/苹果一体机电脑21.5寸MC309办公
imac
27游戏家用超薄ME086",雅辉数码彩显,3688.0,1,//g-search1.alicdn.com/img/bao/uploaded/i4/i4/42015781/TB2DbKbpYFlpuFjy0FgXXbRBVXa_!!42015781.jpg,广东 佛山
"apple/苹果
imac
一体机电脑20 21.5 24 27寸超薄游戏办公台式二手",严道城,1368.0,8,//g-search1.alicdn.com/img/bao/uploaded/i4/i2/132200292/O1CN011E1m7Zls5Tw1KA4_!!132200292.jpg,广东 广州
"iMac
/apple二手苹果一体机超薄27寸21.5寸独显游戏吃鸡办公台式机",真心做生意诚信赢天下,1600.0,7,//g-search2.alicdn.com/img/bao/uploaded/i4/i3/3910713454/O1CN011bNyTViis7g9g61_!!3910713454.jpg,广东 深圳
"Apple/苹果
iMac
21.5寸27寸MC309 813 814 超薄一体机台式电脑",apple良品,2880.0,1,//g-search2.alicdn.com/img/bao/uploaded/i4/i4/3246729548/O1CN012KP26wWLluryXI1_!!3246729548.jpg,北京
"iMac
二手Apple/苹果一体机20寸24寸21.5寸27寸办公设计台式机电脑",正品二手市场,1280.0,2,//g-search2.alicdn.com/img/bao/uploaded/i4/i2/1066092528/TB2um8PdviSBuNkSnhJXXbDcpXa_!!1066092528.jpg,广东 深圳
"17年新款Apple/苹果
iMac
27寸 MK482 高清5K超薄一体机办公台式机",沉默也是一种罪,6770.61,2,//g-search1.alicdn.com/img/bao/uploaded/i4/i3/113872688/O1CN011Vj963chUkuhWZd_!!113872688.jpg,广东 广州
"21.5寸Apple/苹果一体机电脑
iMAC
27寸MC814独显办公家用整机全套",foreenling,1450.0,1,//g-search2.alicdn.com/img/bao/uploaded/i4/i3/1754922363/O1CN011TKIMCQb5P9uQSp_!!1754922363.jpg,广东 广州
"imac
二手一体机苹果20寸 21.5寸 27寸 超薄独显台式电脑主机办公",海利科技_123,1288.0,1,//g-search1.alicdn.com/img/bao/uploaded/i4/i4/743512719/TB2llM0v7yWBuNjy0FpXXassXXa_!!743512719.jpg,广东 广州
"2017款
iMac
21.5 27寸 4K 5K一体机苹果QA2 DY2 E02
imac
pro",众诚嘉汇,6950.0,2,//g-search3.alicdn.com/img/bao/uploaded/i4/i1/13594085/TB2IehnzHBnpuFjSZFGXXX51pXa_!!13594085.jpg,北京
"Apple苹果一体机21.5
iMac
27寸超薄办公家用剪辑游戏台式电脑包邮",苹果笔记本电商,2800.0,2,//g-search1.alicdn.com/img/bao/uploaded/i4/i3/2227026329/TB2yRS5biMnBKNjSZFoXXbOSFXa_!!2227026329.jpg,广东 广州
"国行Apple/苹果 MNE92CH/A 27英寸
iMac
台式一体机办公学习电脑",卓辰数码旗舰店,14088.0,1,//g-search3.alicdn.com/img/bao/uploaded/i4/i4/1669409267/O1CN01Ubnr5A2IKKoeHt1hV_!!0-item_pic.jpg,浙江 杭州
"【双11预售】Apple/苹果 MNED2CH/A 27英寸
iMac
台式一体机电脑",卓辰数码旗舰店,16788.0,0,//g-search3.alicdn.com/img/bao/uploaded/i4/i3/1669409267/TB1EZR3mRLoK1RjSZFuXXXn0XXa_!!0-item_pic.jpg,浙江 杭州
"Apple/苹果 21.5 英寸
iMac
Retina 4K 显示屏 3.4GHz 处理器 1TB 存储容量",applestore官方旗舰店,11786.0,0,//g-search3.alicdn.com/img/bao/uploaded/i4/i4/TB1SegsRVXXXXcPXFXXXXXXXXXX_!!0-item_pic.jpg,上海
"Apple/苹果 27 英寸
iMac
Retina 5K 显示屏 3.5GHz 处理器 1TB 存储容量",applestore官方旗舰店,15752.0,0,//g-search2.alicdn.com/img/bao/uploaded/i4/i2/TB1OvsDRVXXXXc2XpXXXXXXXXXX_!!0-item_pic.jpg,上海
"Apple/苹果台式一体机电脑21.5英寸
iMac
家用办公学习电脑独显旗舰店正品MNDY2CH/A",onezero美承数码旗舰店,9588.0,0,//g-search3.alicdn.com/img/bao/uploaded/i4/i1/4129257698/O1CN0126jjN1kdTDlQJDu_!!4129257698.jpg,上海
"Apple/苹果台式一体机电脑21.5英寸
iMac
家用办公学习电脑旗舰店正品MMQA2CH/A",onezero美承数码旗舰店,8188.0,0,//g-search1.alicdn.com/img/bao/uploaded/i4/i1/4129257698/O1CN0126jjN1kdTDlQJDu_!!4129257698.jpg,上海
"Apple苹果一体机
imac
MC309台式电脑包 21.5英寸27超薄ME087MB950",深圳市前后浪贸易有限公司,2850.0,147,//g-search2.alicdn.com/img/bao/uploaded/i4/i1/3367960679/O1CN01mQqieh1Gt1P2X1ZWr_!!3367960679.jpg,广东 深圳
"17款Apple/苹果
iMac
21.5寸 MK142 4K高清屏超薄一体独显台式电脑",沉默也是一种罪,4883.67,1,//g-search3.alicdn.com/img/bao/uploaded/i4/i1/113872688/O1CN011Vj96CqTf6wLWy9_!!113872688.jpg,广东 广州
"Apple/苹果一体机电脑台式
imac
全套正品学生家用20/24寸办公A1224",硕晶科技,1502.32,1,//g-search2.alicdn.com/img/bao/uploaded/i4/i3/80856168/TB2QeZvppXXXXXxXXXXXXXXXXXX_!!80856168.jpg,广东 广州
"Apple苹果品牌一体机双核家用游戏办公台式电脑整机21.5英寸
imac",雅辉数码彩显,3866.0,1,//g-search2.alicdn.com/img/bao/uploaded/i4/i2/42015781/TB2lL3HgWagSKJjy0FbXXa.mVXa_!!42015781.jpg,广东 佛山
"Apple/苹果
iMac
一体机电脑2021.527寸超薄家用办公台式机包邮二手",li李丹淼,1766.0,1,//g-search3.alicdn.com/img/bao/uploaded/i4/i4/2022523646/TB2H8jqquuSBuNjSsplXXbe8pXa_!!2022523646.jpg,广东 深圳
"二手apple苹果一体机
imac
超薄21.5/27寸独显设计家用办公台式电脑",颐高数码b15档,1430.0,1,//g-search2.alicdn.com/img/bao/uploaded/i4/i4/3257825196/TB2kIWMpnqWBKNjSZFAXXanSpXa_!!3257825196.jpg,广东 广州
"2017新款Apple/苹果
iMac
5K 27寸一体机台式电脑 国行正品Pro",华夏子女,11399.0,1,//g-search1.alicdn.com/img/bao/uploaded/i4/i1/70390811/TB2eUIzwORnpuFjSZFCXXX2DXXa_!!70390811.jpg,四川 成都
"二手Apple苹果一体机台式电脑游戏
iMac
21.5寸 27寸 设计办公家用",换了么科技,4888.0,2,//g-search3.alicdn.com/img/bao/uploaded/i4/i4/3893612564/O1CN011UoLy8XhPMVT34r_!!3893612564.png,四川 成都
"apple苹果 一体机 120G固态
imac
20寸A1224办公前台台式电脑",东辉科技87,1280.0,1,//g-search2.alicdn.com/img/bao/uploaded/i4/i1/1688393575/TB28FoxaeuSBuNjSsziXXbq8pXa_!!1688393575.jpg,广东 广州
"二手苹果一体机
iMac
21.5寸 全套包装 442 qa2 dy2新款2015",子昕,6300.0,1,//g-search3.alicdn.com/img/bao/uploaded/i4/i1/10730284/TB2Vdtxk0nJ8KJjSszdXXaxuFXa_!!10730284.jpg,浙江 杭州
"Apple/苹果
iMac
pro一体机21.5寸超薄游戏电脑27寸台式机以旧换新",twinsdove,5500.0,1,//g-search2.alicdn.com/img/bao/uploaded/i4/i1/21120567/O1CN011G3j2VucfGmzmAd_!!21120567.jpg,北京
"Apple苹果一体机
imac
21.5 27英寸 台式电脑 超薄前台 ME087MB950",neimeiny,2801.0,63,//g-search1.alicdn.com/img/bao/uploaded/i4/i2/3074106681/O1CN01ym8bkk1zDwabViS5k_!!3074106681.png,广东 深圳
"Apple/苹果
iMac
租赁 苹果21.5寸一体机 27寸超薄一体机出租 短租",北京千百亿科技,11.7,7,//g-search3.alicdn.com/img/bao/uploaded/i4/i1/2356216632/TB235CfuWmWBuNjy1XaXXXCbXXa_!!2356216632.jpg,北京
"Apple苹果一体机电脑
imac
21.5寸27寸超薄设计办公家用设计台式机",荆锺通讯设备上海有限公司,5088.0,1,//g-search3.alicdn.com/img/bao/uploaded/i4/i3/3190814916/TB2SoR0IxSYBuNjSspjXXX73VXa_!!3190814916.jpg,上海
"Apple苹果
imac
一体机21.5-27寸超薄游戏独显电脑出租 广州租赁",大广怡租,10.0,1,//g-search3.alicdn.com/img/bao/uploaded/i4/i2/3829568181/TB2FIVvk4uTBuNkHFNRXXc9qpXa_!!3829568181.jpg,广东 广州
"租Apple 苹果
iMac
ME088CH/A 一体机
imac
27寸 苹果电脑出租",顶钰租赁,22.0,1,//g-search3.alicdn.com/img/bao/uploaded/i4/i3/3484317766/TB2_B72fqLN8KJjSZFGXXbjrVXa_!!3484317766.jpg,上海
"【租赁】苹果
iMac
租赁 苹果A1224 20寸一体机租赁 办公电脑租赁",北京千百亿科技,3.9,1,//g-search1.alicdn.com/img/bao/uploaded/i4/i2/2356216632/TB2VkpCGwmTBuNjy1XbXXaMrVXa_!!2356216632.jpg,北京
"Apple苹果一体机
imac
21.5 27英寸超薄台式电脑全套ME087 MC813 14",重力贸易有限公司,2900.0,177,//g-search1.alicdn.com/img/bao/uploaded/i4/i1/3685188235/O1CN012Ahg4XgG889lfLn_!!3685188235.jpg,广东 深圳
"二手apple/苹果
imac
一体机 21.5寸 27寸20 超薄独显台式电脑网吧",庄伟彬123,1550.0,1,//g-search2.alicdn.com/img/bao/uploaded/i4/i4/2931047499/O1CN0125GaYb2pQkDHtTC_!!2931047499.jpg,广东 深圳
"Apple苹果一体机
iMac
MD093CH/A 27寸一体机MD095 ME087 886 462",tangmin10,5500.0,1,//g-search2.alicdn.com/img/bao/uploaded/i4/i3/339/T2JUCWXb8bXXXXXXXX_!!339.jpg,上海
"Apple/苹果
iMac
一体机21.5/27寸 超薄台式一体机ME087 088 MK482",superserver2014,4500.0,2,//g-search3.alicdn.com/img/bao/uploaded/i4/i3/2248585662/O1CN01fHM5d21rhF00EKB5u_!!2248585662.jpg,上海
"二手apple/苹果
imac
一体机 21.5寸 27寸20 超薄独显台式电脑网吧",庄伟彬123,1550.0,1,//g-search1.alicdn.com/img/bao/uploaded/i4/i4/2931047499/O1CN0125GaYb2pQkDHtTC_!!2931047499.jpg,广东 深圳
"Apple苹果一体机
iMac
MD093CH/A 27寸一体机MD095 ME087 886 462",tangmin10,5500.0,1,//g-search3.alicdn.com/img/bao/uploaded/i4/i3/339/T2JUCWXb8bXXXXXXXX_!!339.jpg,上海
"Apple/苹果
iMac
一体机21.5/27寸 超薄台式一体机ME087 088 MK482",superserver2014,4500.0,2,//g-search3.alicdn.com/img/bao/uploaded/i4/i3/2248585662/O1CN01fHM5d21rhF00EKB5u_!!2248585662.jpg,上海
"Apple苹果
imac
一体机21.5英寸27台式电脑ME088全套家用超薄高配",深圳市前后浪贸易有限公司,3190.0,56,//g-search3.alicdn.com/img/bao/uploaded/i4/i4/3367960679/O1CN011Gt1Oi3uTrQW938_!!3367960679.jpg,广东 深圳
"原装苹果 一体机Apple电脑24寸/20寸
IMAC
正品A1224 A1225",广搏电子科技,1318.6,1,//g-search1.alicdn.com/img/bao/uploaded/i4/i2/2979857085/TB20gPwXGm5V1BjSspbXXX6sXXa_!!2979857085.jpg,广东 广州
"苹果
iMac
一体机电脑高清屏幕膜21.5寸Mac27显示器保护贴膜防蓝光英寸配件磨砂防反光高清高透全屏防辐射防窥",古古数码配件专营店,29.0,130,//g-search1.alicdn.com/img/bao/uploaded/i4/i4/2080206029/TB1oI31m6DpK1RjSZFrXXa78VXa_!!0-item_pic.jpg,上海
"Moshi摩仕
iMac
超细纤维屏擦Macbook苹果笔记本电脑手机液晶屏幕清洁套装液晶电视清洁布屏擦布ipad手机通用",摩仕旗舰店,88.0,318,//g-search3.alicdn.com/img/bao/uploaded/i4/i3/2921014724/O1CN011kldUEmXNzO9HiP_!!0-item_pic.jpg,上海
"【20周年纪念款
iMac
G3】Spigen苹果8手机壳Classic C1糖果色硅胶iPhone7/8 plus全包防摔潮牌创意保护套新款",spigen旗舰店,198.0,58,//g-search3.alicdn.com/img/bao/uploaded/i4/i3/2639788911/O1CN01oQDQ0r2FhHohOz6UR_!!0-item_pic.jpg,浙江 杭州
"BOW航世苹果Mac OS专用无线键盘鼠标套装
IMAC
笔记本台式电脑一体机外接办公超薄键鼠可充电",航世数码专营店,179.0,85,//g-search2.alicdn.com/img/bao/uploaded/i4/i3/1717260784/TB1zdJ8mNnaK1RjSZFBXXcW7VXa_!!0-item_pic.jpg,广东 深圳
"美国Ergotron爱格升LX显示器升降旋转底座支架
imac
支架45-241-026",达宝利家居专营店,1099.0,14,//g-search3.alicdn.com/img/bao/uploaded/i4/i1/552210932/O1CN01pEOZwC1IktbkGPnb7_!!0-item_pic.jpg,北京
"【20周年纪念款
iMac
G3】Spigen苹果X手机壳糖果色硅胶iPhoneX防摔XS手机壳潮牌个性创意保护套包新款抖音男",spigen旗舰店,198.0,146,//g-search1.alicdn.com/img/bao/uploaded/i4/i3/2639788911/O1CN01VcyoM72FhHoShD0q5_!!0-item_pic.jpg,浙江 杭州
"绿联Mini dp转hdmi连接线苹果mac book Air pro笔记本
iMac
电脑电视机投影仪视频线4k转接线雷电转hdmi高清线",绿联明和盛专卖店,49.0,93,//g-search3.alicdn.com/img/bao/uploaded/i4/i4/2711388431/TB2OAGcxZuYBuNkSmRyXXcA3pXa_!!2711388431-0-item_pic.jpg,四川 成都
"Mac高清苹果一体机电脑屏幕膜
iMac
21.5英寸显示器保护贴膜高清防蓝光全屏高透防辐射27寸配件",emotal伊莫图旗舰店,29.0,95,//g-search3.alicdn.com/img/bao/uploaded/i4/i4/1058195457/O1CN011qBLnrOjpBH0v4Q_!!0-item_pic.jpg,广东 广州
"绿联USB3.1 type-c公对公c-to-c双头数据线小米6/8/华为p1020移动硬盘
iMac
苹果MacBook pro/switch3a快充电线",华趣数码专营店,45.0,43,//g-search3.alicdn.com/img/bao/uploaded/i4/i4/299273369/O1CN011al2oRJkQfFnpTC_!!0-item_pic.jpg,上海
"海备思USB3.0分线器HUB一拖四4口扩展笔记本电脑卡扣式
iMac
集线苹果高速转换铝合金接口孔一分四多功能转接头",hagibis旗舰店,69.0,63,//g-search3.alicdn.com/img/bao/uploaded/i4/i1/1589952088/O1CN01eWLuF41RILST151Rs_!!2-item_pic.png,上海
"水之镜苹果
iMac
台式一体机电脑屏幕膜防蓝光辐射显示器贴膜保护膜21.5寸27寸",硕王数码专营店,98.0,21,//g-search1.alicdn.com/img/bao/uploaded/i4/i2/1624485878/TB2DQbAIQKWBuNjy1zjXXcOypXa_!!1624485878-0-item_pic.jpg,上海
"BOW航世金属充电2.4G无线键盘 台式机电脑外接迷你便携超薄静音无限小键盘适用于苹果
IMAC
联想华硕笔记本",航世数码专营店,129.0,47,//g-search2.alicdn.com/img/bao/uploaded/i4/i3/1717260784/TB1j6dMmG6qK1RjSZFmXXX0PFXa_!!0-item_pic.jpg,广东 深圳
"新款苹果macbook12电脑air pro13.3寸笔记本键盘膜功能快捷键touch bar机型Pro15贴膜
IMAC
一体机保护膜11",家门口数码专营,28.0,36,//g-search2.alicdn.com/img/bao/uploaded/i4/i4/720249445/TB2antEiAUmBKNjSZFOXXab2XXa_!!720249445-0-item_pic.jpg,广东 广州
"无线鼠标2018新款蓝牙4.0无声静音充电式电池款超薄滑鼠mac苹果book笔记本macbook电脑air女pro简约
imac
无限",古古数码配件专营店,38.0,296,//g-search3.alicdn.com/img/bao/uploaded/i4/i4/2080206029/O1CN011uPKLxMJe4wCczw_!!0-item_pic.jpg,上海
"【官方旗舰店】BOW航世 苹果无线键盘鼠标套装
IMAC
电脑macbook笔记本办公家用充电键鼠套装",bow旗舰店,179.0,35,//g-search3.alicdn.com/img/bao/uploaded/i4/i3/1870199454/TB2WLhNIf5TBuNjSspcXXbnGFXa_!!1870199454-0-item_pic.jpg,广东 深圳
"绿联type-c2.0数据线双头公对公c-to-c苹果MacBook Pro/
iMac
Pro充电线switch充电宝小米8/6/华为p20PD3A快充",华趣数码专营店,39.0,15,//g-search3.alicdn.com/img/bao/uploaded/i4/i2/299273369/TB2f2SMGr5YBuNjSspoXXbeNFXa_!!299273369-0-item_pic.jpg,上海
"FK418BT蓝牙苹果键盘无线笔记本
IMac
办公游戏轻音平板电脑键盘",matias马太亚旗舰店,649.0,8,//g-search2.alicdn.com/img/bao/uploaded/i4/i4/3476935513/O1CN011qazz1EGm7uQGfJ_!!0-item_pic.jpg,广东 深圳
"麦多多Type-c公对公数据线双头c to cPD快充typec充电线苹果MacBook/
iMac
pro小米笔记本switch华为P20Mate10",麦多多旗舰店,58.0,13,//g-search2.alicdn.com/img/bao/uploaded/i4/i1/1122165541/O1CN011qnp4fPxddyrT58_!!0-item_pic.jpg,上海
"电脑显示器增高架笔记本垫高抬高金属托架桌面收纳键盘鼠标置物架铝合金散热支架手提电脑苹果
iMAC
一体机底座",crossline旗舰店,109.0,98,//g-search3.alicdn.com/img/bao/uploaded/i4/i3/2057932995/TB1cCtkSVXXXXb3apXXXXXXXXXX_!!0-item_pic.jpg,广东 东莞
"mac苹果笔记本电脑macbook无线蓝牙鼠标4.0充电省电台式
imac
超薄静音无声男女生可爱便携办公游戏 光电小迷你",视锦数码专营店,48.0,244,//g-search1.alicdn.com/img/bao/uploaded/i4/i4/2120039231/TB2yMtPrRjTBKNjSZFuXXb0HFXa_!!2120039231-0-item_pic.jpg,上海
"DUSTGO
iMac
苹果一体机台式电脑罩
iMac
罩收纳功能
iMac
防尘罩",dustgo旗舰店,65.0,16,//g-search2.alicdn.com/img/bao/uploaded/i4/i2/277547381/O1CN0124OXpw6xdO5CwSD_!!0-item_pic.jpg,福建 厦门
"便携苹果无线鼠标收纳包Magic Mouse1/2代保护套数码创意配件袋牛皮
imac
蓝牙鼠标袋鼠标包鼠标套耐用防刮轻薄",蜗牛数码专营店,38.0,20,//g-search1.alicdn.com/img/bao/uploaded/i4/i1/2031983018/TB1zf3_ggMPMeJjy1XbXXcwxVXa_!!0-item_pic.jpg,广东 深圳
"苹果鼠标防刮花贴膜Magic Mouse2无线蓝牙触控鼠标保护贴膜鼠标套一代硅胶微磨砂顺滑手感
imac
鼠标保护膜彩色",蜗牛数码专营店,13.8,109,//g-search1.alicdn.com/img/bao/uploaded/i4/i3/TB1iFmDPXXXXXcqaXXXXXXXXXXX_!!0-item_pic.jpg,广东 深圳
"BOW航世苹果ipad平板手机蓝牙键盘 笔记本
IMAC
电脑通用背光无线小键盘 超薄迷你金属可充电",bow旗舰店,199.0,5,//g-search3.alicdn.com/img/bao/uploaded/i4/i3/1870199454/O1CN012JhysXRzKrPpCBf_!!0-item_pic.jpg,广东 深圳
"绿联type-c2.0数据线公对公c-to-c苹果MacBook Pro/
iMac
Pro充电线switch充电宝小米8/6/华为p20PD3A快充",绿联中汉正光专卖店,39.0,9,//g-search3.alicdn.com/img/bao/uploaded/i4/i3/2580078583/O1CN012DH3u9uUYlb5e5s_!!0-item_pic.jpg,江苏 南京
"绿联USB3.1 type-c公对公c-to-c双头数据线小米6/8/华为p1020移动硬盘
iMac
苹果MacBook pro/switch3a快充电线",绿联三顺专卖店,49.0,8,//g-search1.alicdn.com/img/bao/uploaded/i4/i1/2331502220/O1CN01B5BCwL1SGnjxELljT_!!0-item_pic.jpg,浙江 杭州
"电脑显示器铝合金增高架笔记本托架手提电脑苹果Macbook支撑架
iMac
一体机金属散热底座键盘鼠标收纳置物架",crossline旗舰店,109.0,28,//g-search3.alicdn.com/img/bao/uploaded/i4/i4/2057932995/TB15IXHSVXXXXaPXVXXXXXXXXXX_!!0-item_pic.jpg,广东 东莞
"jrc苹果一体机键盘膜
imac
蓝牙无线 Mac台式机电脑快捷功能保护膜",jrc佰仕泰专卖店,28.0,7,//g-search1.alicdn.com/img/bao/uploaded/i4/i1/TB1RcI.JFXXXXXAXXXXXXXXXXXX_!!0-item_pic.jpg,浙江 杭州
"Orico USB3.0分线器HUB一拖四4口扩展笔记本电脑卡扣式
iMac
集线器",奥睿科然科专卖店,79.0,18,//g-search1.alicdn.com/img/bao/uploaded/i4/i1/1583825713/O1CN011s4bCMXhV5qJHSL_!!0-item_pic.jpg,广东 深圳
"DUSTGO 苹果一体机电脑防尘罩
imac
罩 保护套 弹性现代简约设计",dustgo旗舰店,28.0,16,//g-search1.alicdn.com/img/bao/uploaded/i4/i3/277547381/O1CN01BcXJBN24OXpumcSFh_!!0-item_pic.jpg,福建 厦门
"酷奇苹果新款
imac
键盘膜mac一体机无线蓝牙高透保护膜台式mac全键盘防尘膜超薄防水键盘膜苹果一体机专用",酷奇数码专营店,28.0,11,//g-search3.alicdn.com/img/bao/uploaded/i4/i1/470237512/TB1rjiWosbI8KJjy1zdXXbe1VXa_!!0-item_pic.jpg,江苏 苏州
"电脑显示器增高架支架铝合金抬高托架笔记本金属键盘桌面收纳底座
IMAC
显示屏苹果一体机办公室台式机垫高",cooskin酷奇云饮专卖店,98.8,36,//g-search2.alicdn.com/img/bao/uploaded/i4/i3/3248366842/TB1m2u0kOOYBuNjSsD4XXbSkFXa_!!0-item_pic.jpg,上海
"mac苹果笔记本电脑小米air游戏机械鼠标有线电竞USB台式电脑
imac
超薄办公家用外接发光绝地求生lol吃鸡光电cf",视锦数码专营店,49.0,11,//g-search2.alicdn.com/img/bao/uploaded/i4/i1/2120039231/TB1xpcidKuSBuNjSsplXXbe8pXa_!!0-item_pic.jpg,上海
"台式电脑液晶屏显示器增高垫苹果
iMac
一体机27寸底座支架笔记本铝合金桌面收纳架办公室简易抬高架子联想惠普",宝格石数码专营店,109.0,22,//g-search1.alicdn.com/img/bao/uploaded/i4/i4/870970003/TB2ca8AqpkoBKNjSZFkXXb4tFXa_!!870970003-0-item_pic.jpg,广东 深圳
"Air13键盘保护贴膜Mac笔记本12苹果MacBook Pro电脑13.3英寸11配件全覆盖
imac
防尘罩11.6台式15.6配件一体机",cooskin酷奇旗舰店,16.8,1156,//g-search3.alicdn.com/img/bao/uploaded/i4/i4/2087535447/O1CN01CbQdd41q6lqNkb8tj_!!0-item_pic.jpg,上海
"CE-LINK迷你 Mini DisplayPort转HDMI转换器苹果电脑雷电dp高清线
imac
台式机连接显示器投影仪高清大屏",celink旗舰店,45.0,16,//g-search3.alicdn.com/img/bao/uploaded/i4/i2/1127317597/TB1ODlJthSYBuNjSsphXXbGvVXa_!!0-item_pic.jpg,广东 深圳
"海备思usb3.0分线器电脑集线器HUB一拖四扩展多接口苹果
iMAC
伴侣",噶尔数码专营店,79.0,9,//g-search3.alicdn.com/img/bao/uploaded/i4/i2/404667932/O1CN01RlF2s928Su4JoMfSy_!!2-item_pic.png,上海
"2017新款
iMac
苹果一体机键盘膜Mac台式机电脑蓝牙无线键盘保护膜",米路数码专营店,28.0,6,//g-search3.alicdn.com/img/bao/uploaded/i4/i2/TB1iERASXXXXXcmXpXXXXXXXXXX_!!0-item_pic.jpg,浙江 绍兴
"苹果
iMac
一体机屏幕膜高清21.5寸电脑Mac27显示器保护贴膜防蓝光防窥膜保护隐私膜",卡登数码专营店,29.0,6,//g-search3.alicdn.com/img/bao/uploaded/i4/i1/820574822/TB1pEeTcRUSMeJjSszbXXberFXa_!!0-item_pic.jpg,上海
"海备思usb3.0分线器电脑集线器HUB一拖四扩展多接口苹果
iMAC
伴侣",噶尔数码专营店,79.0,9,//g-search2.alicdn.com/img/bao/uploaded/i4/i2/404667932/O1CN01RlF2s928Su4JoMfSy_!!2-item_pic.png,上海
"2017新款
iMac
苹果一体机键盘膜Mac台式机电脑蓝牙无线键盘保护膜",米路数码专营店,28.0,6,//g-search2.alicdn.com/img/bao/uploaded/i4/i2/TB1iERASXXXXXcmXpXXXXXXXXXX_!!0-item_pic.jpg,浙江 绍兴
"苹果
iMac
一体机屏幕膜高清21.5寸电脑Mac27显示器保护贴膜防蓝光防窥膜保护隐私膜",卡登数码专营店,29.0,6,//g-search3.alicdn.com/img/bao/uploaded/i4/i1/820574822/TB1pEeTcRUSMeJjSszbXXberFXa_!!0-item_pic.jpg,上海
"SaMDi木质
iMac
一体机增高架苹果笔记本macbook air显示器桌面支架",卡洛奇数码专营店,158.0,2,//g-search2.alicdn.com/img/bao/uploaded/i4/i3/TB1bG2uKpXXXXb9aXXXXXXXXXXX_!!0-item_pic.jpg,广东 深圳
"手提电脑架子增高 MAC底座支架 颈椎 桌面铝合金支驾
iMac
苹果散热器 笔记本支撑架升降 办公桌 架15.6寸托架",巨雷数码专营店,128.0,5,//g-search1.alicdn.com/img/bao/uploaded/i4/i2/802893595/TB1kL75eFuWBuNjSszbXXcS7FXa_!!0-item_pic.jpg,上海
"伊莫图Mac苹果一体机电脑屏幕下边框贴膜
iMac
21.5 27寸保护贴膜",emotal伊莫图旗舰店,29.0,5,//g-search1.alicdn.com/img/bao/uploaded/i4/i1/1058195457/O1CN011qBLnkO56g5qXFL_!!0-item_pic.jpg,广东 广州
"电脑显示器增高架电脑托架
IMAC
抬高支架桌面键盘收纳笔记本底座",忠顺数码专营店,88.0,4,//g-search3.alicdn.com/img/bao/uploaded/i4/i3/362382448/TB1C04vhbsTMeJjSszdXXcEupXa_!!0-item_pic.jpg,浙江 杭州
"酷凡 苹果
IMAC
贴纸一体机无线键盘贴膜无缝贴纸时尚个性保护贴膜",酷奇数码专营店,38.0,2,//g-search3.alicdn.com/img/bao/uploaded/i4/i1/TB1vZfYJVXXXXa6XFXXXXXXXXXX_!!0-item_pic.jpg,江苏 苏州
"酷奇电脑增高支架台式液晶显示器底座
iMac
笔记本Macbook电脑桌面收纳铝合金材质垫高",cooskin酷奇旗舰店,108.0,2,//g-search2.alicdn.com/img/bao/uploaded/i4/i1/2087535447/TB194eIs7yWBuNjy0FpXXassXXa_!!0-item_pic.jpg,上海
"Belkin贝尔金 苹果笔记本macbook无线蓝牙数字键盘外接
iMac
小键盘",belkin新协专卖店,418.0,3,//g-search1.alicdn.com/img/bao/uploaded/i4/i2/1746411420/O1CN011MMOt65ih5B39fr_!!2-item_pic.png,上海
"索美实木电脑桌收纳架多功能办公桌面苹果
imac
键盘整理架",索美家居旗舰店,189.0,1,//g-search3.alicdn.com/img/bao/uploaded/i4/i1/928830725/O1CN011HE5cgLmUZTl77V_!!0-item_pic.jpg,江苏 苏州
"苹果Macbook Pro A1286A1278A1287A1297A1342 MD101 102 103光驱位硬盘托架 苹果一体机
iMac
21 27 寸MBP系列",越泰旗舰店,24.9,27,//g-search1.alicdn.com/img/bao/uploaded/i4/i1/TB1cnRaNVXXXXXNXFXXXXXXXXXX_!!0-item_pic.jpg,江苏 南京
"celink迷你Mini DisplayPort转mini dp线公对公雷电口
iMac
pro Air接
imac
显示器4K高清LED",celink旗舰店,45.0,13,//g-search1.alicdn.com/img/bao/uploaded/i4/i4/1127317597/TB1UHxIiDTI8KJjSsphXXcFppXa_!!0-item_pic.jpg,广东 深圳
"V1苹果Macbook Pro
IMAC
虚拟机安装 XP WIN7 WIN8 WIN10双系统",千机汇数码专营店,145.0,1,//g-search2.alicdn.com/img/bao/uploaded/i4/i3/2291542011/TB2lhnEu1SSBuNjy0FlXXbBpVXa_!!2291542011-0-item_pic.jpg,广东 深圳
"JRC苹果电脑台式机蓝牙键盘保护膜
iMac
快捷键 夜光 炫彩 键盘膜",米路数码专营店,28.0,6,//g-search1.alicdn.com/img/bao/uploaded/i4/i4/TB1YOZYKXXXXXbKXVXXXXXXXXXX_!!0-item_pic.jpg,浙江 绍兴
"苹果
IMAC
无线蓝牙台式一体机键盘膜magic keyboard保护贴膜A1644电脑macbook12pro13.3寸15键盘套罩Touchbar",酷本数码配件专营店,18.8,528,//g-search3.alicdn.com/img/bao/uploaded/i4/i1/1656758415/O1CN012C27MryAzdLTsqx_!!0-item_pic.jpg,上海
"mac苹果笔记本电脑macbook无线蓝牙鼠标4.0充电省电台式
imac
超薄静音无声男女生可爱便携办公游戏 光电小迷你",汉商数码专营店,36.0,21,//g-search1.alicdn.com/img/bao/uploaded/i4/i1/405106644/O1CN01CxYuup1ywzw5ae1Th_!!0-item_pic.jpg,上海
"广丰源
iMac
苹果一体机电脑屏幕膜Mac高清21.5 27寸显示器保护贴膜防辐射防蓝光防反光护眼钢化膜",广丰源数码专营店,45.0,0,//g-search3.alicdn.com/img/bao/uploaded/i4/i2/665519353/TB1LKQVX6gy_uJjSZKzXXb_jXXa_!!0-item_pic.jpg,福建 福州
"苹果
iMac
一体机电脑高清屏幕膜21.5寸Mac27显示器保护贴膜防蓝光",倍晶旗舰店,29.0,3,//g-search3.alicdn.com/img/bao/uploaded/i4/i2/2890102121/TB1UBa0gKOSBuNjy0FdXXbDnVXa_!!0-item_pic.jpg,上海
"JRC苹果电脑台式机
iMac
蓝牙键盘保护膜 炫彩硅胶键盘贴膜 超薄",杭州酷玩数码专营店,28.0,8,//g-search3.alicdn.com/img/bao/uploaded/i4/i1/TB1no54KFXXXXXoXXXXXXXXXXXX_!!0-item_pic.jpg,浙江 杭州
"DUSTGO
iMac
Pro保护罩 苹果一体机电脑键盘鼠标防尘罩 二件套装",dustgo旗舰店,145.0,2,//g-search3.alicdn.com/img/bao/uploaded/i4/i4/277547381/O1CN0163Rsx524OXptMOe8E_!!0-item_pic.jpg,福建 厦门
"Apple/苹果 妙控键盘
iMac
台式一体机笔记本电脑配件无线蓝牙键盘",迈向数码旗舰店,729.0,0,//g-search1.alicdn.com/img/bao/uploaded/i4/i2/4036567658/O1CN0126RPXulh46IQywu_!!0-item_pic.jpg,北京
"电脑显示器增高架支架铝合金抬高托架笔记本金属键盘桌面收纳底座
IMAC
显示屏苹果pro一体机办公室台式机垫高",云理游数码专营店,88.0,1,//g-search3.alicdn.com/img/bao/uploaded/i4/i1/2172962501/TB1BF9fmYvpK1RjSZPiXXbmwXXa_!!0-item_pic.jpg,上海
"新款苹果一体机台式电脑键盘膜带数字键小键盘透明
imac
键盘保护膜",迪星数码专营店,30.0,1,//g-search3.alicdn.com/img/bao/uploaded/i4/i4/TB1gcOiSXXXXXc7XFXXXXXXXXXX_!!0-item_pic.jpg,上海
"无线蓝牙鼠标4.0无声静音充电15电池款13超薄mac苹果macbook笔记本pro电脑air女
imac
小米13.3寸15.6滑鼠12.5",卡登数码专营店,28.0,21,//g-search1.alicdn.com/img/bao/uploaded/i4/i4/820574822/TB1TXA3m9rqK1RjSZK9XXXyypXa_!!0-item_pic.jpg,上海
"绿联USB3.1 type-c公对公c-to-c双头数据线小米6/8/华为p1020移动硬盘
iMac
苹果MacBook pro/switch3a快充电线",绿联中汉正光专卖店,55.0,6,//g-search3.alicdn.com/img/bao/uploaded/i4/i3/2580078583/O1CN012DH3uFhX0ijekhZ_!!0-item_pic.jpg,江苏 南京
"苹果一体机台式电脑
imac
键盘膜无线magic keyboard保护套配件贴膜苹果air13笔记本macbook12pro13.3寸15键膜",emotal伊莫图旗舰店,18.0,248,//g-search3.alicdn.com/img/bao/uploaded/i4/i4/1058195457/O1CN011qBLnqm4FBrLcsr_!!0-item_pic.jpg,广东 广州
"苹果显示器底座一体机
iMac
支架笔记本电脑增高垫铝合金桌面收纳架",卡洛奇数码专营店,128.0,0,//g-search2.alicdn.com/img/bao/uploaded/i4/i1/TB1KM.nJVXXXXaSXVXXXXXXXXXX_!!0-item_pic.jpg,广东 深圳
"绿联type-c2.0数据线双头公对公c-to-c苹果MacBook Pro/
iMac
Pro充电线switch充电宝小米8/6/华为p20PD3A快充",绿联中汉正光专卖店,19.9,3,//g-search3.alicdn.com/img/bao/uploaded/i4/i3/2580078583/O1CN012DH3uH6MGrEbQ7U_!!0-item_pic.jpg,江苏 南京
"BUBM苹果键盘护腕键盘垫手托掌托无线小键盘保护垫创意无线二代蓝牙键盘托护腕垫底座硅胶
iMac
一体机电脑配件",bubm多加专卖店,88.0,2,//g-search3.alicdn.com/img/bao/uploaded/i4/i2/1813456747/O1CN011ziAi9MsN9WjqMI_!!1813456747.jpg,浙江 温州
"elago韩国MacBook pro支架air便携式笔记本外挂支架
iMac
搭配挂架",elago旗舰店,388.0,0,//g-search2.alicdn.com/img/bao/uploaded/i4/i4/1956257851/O1CN01bvuvJX27rnzFLILj9_!!2-item_pic.png,上海
"苹果
imac
键盘膜新款带数字键小键盘透明台式一体机电脑键盘保护膜",jrc佰仕泰专卖店,32.0,2,//g-search2.alicdn.com/img/bao/uploaded/i4/i1/TB13U38RVXXXXcOXXXXXXXXXXXX_!!0-item_pic.jpg,浙江 杭州
"升派苹果无线键盘保护膜
IMAC
G6 Apple台式电脑一体机笔记本贴套",迈克数码专营店,25.0,0,//g-search3.alicdn.com/img/bao/uploaded/i4/i4/TB1uekeIFXXXXanXpXXXXXXXXXX_!!0-item_pic.jpg,上海
"JRC 触控板二代保护贴膜 新款
imac
专用 Magic Trackpad 2贴膜套装",米路数码专营店,23.0,5,//g-search2.alicdn.com/img/bao/uploaded/i4/i1/TB150lUKVXXXXXAXXXXXXXXXXXX_!!0-item_pic.jpg,浙江 绍兴
"mac苹果macbook笔记本电脑蓝牙无线鼠标4.0超薄充电
imac",倍晶旗舰店,38.0,1,//g-search2.alicdn.com/img/bao/uploaded/i4/i1/2890102121/TB1jQ2.XTSPY1JjSZPcXXXIwpXa_!!0-item_pic.jpg,上海
"ZMI紫米C-TO-C双头数据线PD快充3A大电流Type-C公对公苹果MacBook Pro充电线
iMac
小米笔记本电脑Switch加长",zmi旗舰店,19.0,959,//g-search1.alicdn.com/img/bao/uploaded/i4/i3/2608242141/O1CN011RgcRpqEleGBNk7_!!0-item_pic.jpg,江苏 无锡
"SkinAT
iMac
无线蓝牙键盘贴纸 苹果一体机键盘膜 键盘保护彩贴膜 新品",skinat旗舰店,59.0,38,//g-search3.alicdn.com/img/bao/uploaded/i4/i1/353930884/O1CN011IOub1nHmjIgA5t_!!0-item_pic.jpg,北京
"JRC 新款
imac
专用触控板二代保护贴膜套装 Magic Trackpad 2贴膜",杭州酷玩数码专营店,23.0,2,//g-search1.alicdn.com/img/bao/uploaded/i4/i4/TB1whlIKVXXXXcMXpXXXXXXXXXX_!!0-item_pic.jpg,浙江 杭州
"2017新款
iMac
苹果一体机键盘膜Mac台式电脑蓝牙无线功能贴膜magic keyboard保护套2018配件OS系统快捷键a1644",果粉数码专营店,15.0,159,//g-search1.alicdn.com/img/bao/uploaded/i4/i4/2147072314/O1CN011SxqyHPyIZULnoC_!!2147072314.jpg,广东 广州
"新款
iMac
苹果一体机键盘膜 Mac台式机电脑蓝牙无线键盘保护膜",家门口数码专营,15.0,161,//g-search3.alicdn.com/img/bao/uploaded/i4/i1/TB1pSjnQpXXXXXdXXXXXXXXXXXX_!!0-item_pic.jpg,广东 广州
"TwelveSouth HiRise Pro
iMac
苹果电脑显示器升降收纳铝合金支架",twelvesouth数码旗舰店,1188.0,0,//g-search1.alicdn.com/img/bao/uploaded/i4/i3/3251749317/O1CN012IhEc3Pi4R20GHd_!!0-item_pic.jpg,广东 深圳
"Twelve South BackPack苹果
iMac
桌面收纳mac mini置物架电脑显示器搁板",twelvesouth数码旗舰店,248.0,0,//g-search3.alicdn.com/img/bao/uploaded/i4/i3/3251749317/O1CN012IhEc14SM65zizQ_!!0-item_pic.jpg,广东 深圳
"绿联 MD111 Mini DisplayPort转mini dp线
iMac
Mac pro Air接LED",绿联数码旗舰店,39.0,31,//g-search1.alicdn.com/img/bao/uploaded/i4/i1/TB1e5FpQVXXXXXZaXXXXXXXXXXX_!!0-item_pic.jpg,广东 深圳
"2017新款
iMac
苹果一体机键盘膜Mac台式A1644电脑蓝牙无线功能贴膜magic keyboard保护套2018配件OS系统快捷键",家门口数码专营,25.0,79,//g-search3.alicdn.com/img/bao/uploaded/i4/i4/TB13Gw_QVXXXXXkapXXXXXXXXXX_!!0-item_pic.jpg,广东 广州
"Twelve South BackPack苹果
iMac
桌面收纳mac mini置物架电脑显示器搁板",twelvesouth数码旗舰店,248.0,0,//g-search2.alicdn.com/img/bao/uploaded/i4/i3/3251749317/O1CN012IhEc14SM65zizQ_!!0-item_pic.jpg,广东 深圳
"绿联 MD111 Mini DisplayPort转mini dp线
iMac
Mac pro Air接LED",绿联数码旗舰店,39.0,31,//g-search3.alicdn.com/img/bao/uploaded/i4/i1/TB1e5FpQVXXXXXZaXXXXXXXXXXX_!!0-item_pic.jpg,广东 深圳
"2017新款
iMac
苹果一体机键盘膜Mac台式A1644电脑蓝牙无线功能贴膜magic keyboard保护套2018配件OS系统快捷键",家门口数码专营,25.0,79,//g-search3.alicdn.com/img/bao/uploaded/i4/i4/TB13Gw_QVXXXXXkapXXXXXXXXXX_!!0-item_pic.jpg,广东 广州
"JCPAL 苹果一体机硅胶键盘膜
imac
键盘膜 无线键盘保护膜轻薄水洗",jcpal旗舰店,48.0,18,//g-search3.alicdn.com/img/bao/uploaded/i4/i3/666182575/O1CN011UtOLO0riDmkobk_!!0-item_pic.jpg,上海
"apple苹果G6键盘膜硅胶 台式机有线彩色
imac
一体式机台式电脑键盘保护膜magic keyboard长版带数字键防水防尘",蜗牛数码专营店,17.8,64,//g-search2.alicdn.com/img/bao/uploaded/i4/i3/TB1TcP2OVXXXXaoXVXXXXXXXXXX_!!0-item_pic.jpg,广东 深圳
"苹果电脑新款
imac
键盘膜mac一体机无线蓝牙键盘薄透保护膜台式机magic keyboard透薄防水防尘A1644配件G6膜贴",蜗牛数码专营店,17.8,58,//g-search3.alicdn.com/img/bao/uploaded/i4/i3/TB18XPHOVXXXXc9XVXXXXXXXXXX_!!0-item_pic.jpg,广东 深圳
"Moshi摩仕苹果键盘膜
iMac
一体机无线键盘保护膜全透明键盘膜新款",摩仕旗舰店,118.0,17,//g-search1.alicdn.com/img/bao/uploaded/i4/i3/2921014724/TB2NOt6tDmWBKNjSZFBXXXxUFXa_!!2921014724-0-item_pic.jpg,上海
"苹果
imac
无线蓝牙台式一体机电脑键盘保护magic keyboard贴mac膜超薄透明保护配件全覆盖防尘罩防水免贴隐形",古古数码配件专营店,19.0,33,//g-search1.alicdn.com/img/bao/uploaded/i4/i4/TB1Wvm_SpXXXXb2XFXXXXXXXXXX_!!0-item_pic.jpg,上海
"电脑显示器增高架实木电脑桌面支架护颈椎笔记本垫高抬高托架键盘鼠标置物架苹果电脑
IMAC
一台机底座收纳支架",crossline旗舰店,57.9,125,//g-search3.alicdn.com/img/bao/uploaded/i4/i4/2057932995/TB2Qdo_rk7mBKNjSZFyXXbydFXa_!!2057932995-0-item_pic.jpg,广东 东莞
"酷奇 电脑显示器增高支架铝合金抬高托架笔记本金属键盘桌面收纳底座
IMAC
显示屏苹果一体机办公室台式机垫高",亚比玉数码专营店,88.8,44,//g-search3.alicdn.com/img/bao/uploaded/i4/i2/712109075/TB24rXNHb1YBuNjSszeXXablFXa_!!712109075-0-item_pic.jpg,江苏 南京
"苹果一体机电脑屏幕膜
iMac
21.5寸 27寸 超高清台式屏幕保护贴膜",一通数码专营店,38.0,38,//g-search3.alicdn.com/img/bao/uploaded/i4/i1/504420617/TB1W7AYmwDD8KJjy0FdXXcjvXXa_!!0-item_pic.jpg,福建 福州
"imac
一体机支架 显示器增高桌面上底座 电脑屏笔记本支撑托架子木制抬高垫高配件台式木质",湘蕴数码专营店,149.0,35,//g-search3.alicdn.com/img/bao/uploaded/i4/i3/TB1ju1eQVXXXXcNXFXXXXXXXXXX_!!0-item_pic.jpg,上海
"长臂猿苹果
IMAC
一体机电脑支架显示器支架显示器屏幕支架大承重",长臂猿旗舰店,98.0,20,//g-search3.alicdn.com/img/bao/uploaded/i4/i3/2088904909/O1CN011m8Ml1YRMgrkDiu_!!0-item_pic.jpg,江苏 南通
"升派
iMac
苹果一体机无线键盘保护膜 Mac台式机电脑蓝牙膜硅胶套配件凹凸罩子防护垫游戏装备防水防尘",酷本数码专营店,16.8,35,//g-search2.alicdn.com/img/bao/uploaded/i4/i2/444716097/TB1CvgweyAnBKNjSZFvXXaTKXXa_!!0-item_pic.jpg,浙江 台州
"2015新款
imac
专用触控板二代保护贴膜触摸板膜Magic贴膜Trackpad2",酷本数码配件专营店,22.0,7,//g-search3.alicdn.com/img/bao/uploaded/i4/i3/1656758415/TB1nXMYnYSYBuNjSspiXXXNzpXa_!!0-item_pic.jpg,上海
"萌物
iMac
苹果一体机无线键盘 Mac台式机电脑防尘保护膜",亚比玉数码专营店,19.9,10,//g-search1.alicdn.com/img/bao/uploaded/i4/i4/712109075/O1CN012GuOl98MYPn4dAP_!!712109075-0-item_pic.jpg,江苏 南京
"苹果键盘膜欧版macbook键盘贴膜日版 mac pro air13 15 17寸
imac",jrc佰仕泰专卖店,36.0,5,//g-search2.alicdn.com/img/bao/uploaded/i4/i4/TB1BCwLJVXXXXX5XFXXXXXXXXXX_!!0-item_pic.jpg,浙江 杭州
"苹果2017款
IMAC
蓝牙台式一体机Macbook键盘保护贴膜OS功能快捷键",酷本数码配件专营店,19.8,20,//g-search3.alicdn.com/img/bao/uploaded/i4/i4/TB1L.s0JFXXXXXgXpXXXXXXXXXX_!!0-item_pic.jpg,上海
"ORICO USB3.0分线器HUB一拖四4口扩展笔记本电脑卡扣式
iMac
集线苹果高速转换铝合金接口孔一分四多功能转接头",orico欣元优创专卖店,79.0,31,//g-search1.alicdn.com/img/bao/uploaded/i4/i2/3044435803/O1CN01VDUfuK1sjoqNb8BVa_!!0-item_pic.jpg,广东 东莞
"Apple Care 苹果电脑 官方延保计划 MacBook Pro 12 13 15寸
iMac",李小麦的店,988.0,48,//g-search1.alicdn.com/img/bao/uploaded/i4/i2/2539737278/O1CN0123dN1fd4FQECIF9_!!2539737278.jpg,北京
"2018新款Mac苹果笔记本MacBook air Pro电脑13.3寸13键盘保护贴膜防尘防水全覆盖透明TPU超薄
IMAC
一体机",怡本数码专营店,14.8,27,//g-search1.alicdn.com/img/bao/uploaded/i4/i2/717712884/TB2SbkswvuSBuNkHFqDXXXfhVXa_!!717712884-0-item_pic.jpg,上海
"苹果原装新款Magic Keyboard 2无线蓝牙妙控数字
iMac
电脑键盘二代",bai_203,560.0,42,//g-search2.alicdn.com/img/bao/uploaded/i4/i1/37656861/TB2KK4vhVOWBuNjy0FiXXXFxVXa_!!37656861.jpg,上海
"绿联USB3.1 type-c公对公c-to-c双头数据线小米6/8/华为p1020移动硬盘
iMac
苹果MacBook pro/switch3a快充电线",文俊数码专营店,49.0,11,//g-search3.alicdn.com/img/bao/uploaded/i4/i2/745599179/O1CN018ByXQ22Hg1xWxLJzc_!!0-item_pic.jpg,北京
"mac笔记本手提电脑彩色键盘保护贴膜苹果Macbook Pro/Air 13/15英寸
iMac
一体机全覆盖防尘罩套12透明垫子",广丰源数码专营店,19.9,10,//g-search3.alicdn.com/img/bao/uploaded/i4/i2/665519353/TB1LostddrJ8KJjSspaXXXuKpXa_!!0-item_pic.jpg,福建 福州
"Moshi摩仕
iMac
超纤维屏擦Macbook苹果笔记本电脑液晶屏幕清洁套装",摩仕慧实专卖店,88.0,16,//g-search3.alicdn.com/img/bao/uploaded/i4/i1/3081199004/O1CN012GNseNr5vLOgbMY_!!0-item_pic.jpg,上海
"Win7/8/10重装Macbook air pro
imac
苹果双系统电脑安装MAC虚拟机",颂胜盛旗舰店,30.0,4708,//g-search3.alicdn.com/img/bao/uploaded/i4/i2/1044535242/TB2nKgcpHsrBKNjSZFpXXcXhFXa_!!1044535242-0-item_pic.jpg,广东 深圳
"苹果无线蓝牙键盘
IMAC
电脑 Magic Keyboard 二代 G6 妙控键盘 2",wewaguangzhou,168.0,378,//g-search3.alicdn.com/img/bao/uploaded/i4/i2/74926989/TB21679a_ZRMeJjSsppXXXrEpXa_!!74926989.jpg,广东 广州
"Mac苹果一体机电脑屏幕膜
iMac
21.5 27寸显示器防蓝光磨砂保护贴膜21英寸配件高清膜防指纹防反光抗蓝光防辐射",果粉数码专营店,28.0,16,//g-search1.alicdn.com/img/bao/uploaded/i4/i2/2147072314/O1CN01j7P30h1Sxqy8enysP_!!2147072314.jpg,广东 广州
"酷奇 2018款苹果
imac
键盘膜mac一体机无线蓝牙高透保护膜台式mac",酷本数码专营店,24.8,9,//g-search3.alicdn.com/img/bao/uploaded/i4/i2/444716097/TB1m.Q7XByWBuNkSmFPXXXguVXa_!!0-item_pic.jpg,浙江 台州
"mac苹果笔记本电脑macbook无线蓝牙鼠标4.0充电省电台式
imac
超薄",倍晶旗舰店,38.0,1,//g-search3.alicdn.com/img/bao/uploaded/i4/i4/2890102121/TB1XnM5cvBNTKJjSszbXXaFrFXa_!!0-item_pic.jpg,上海
"2017新款
iMac
苹果一体机键盘膜Mac台式电脑蓝牙无线功能贴膜magic keyboard保护套2018配件OS系统快捷键a1644",家门口数码专营,25.0,13,//g-search3.alicdn.com/img/bao/uploaded/i4/i1/720249445/TB1KvtbXTqWBKNjSZFAXXanSpXa_!!0-item_pic.jpg,广东 广州
"2017款苹果
IMAC
无线蓝牙一体机键盘膜台式保护贴膜有数字小键盘",家门口数码专营,28.0,10,//g-search2.alicdn.com/img/bao/uploaded/i4/i2/720249445/TB1D_eonlDH8KJjSszcXXbDTFXa_!!0-item_pic.jpg,广东 广州
"苹果
imac
键盘膜2017新款蓝牙功能膜 magic keyboard一体机快捷键",jrc佰仕泰专卖店,15.0,12,//g-search3.alicdn.com/img/bao/uploaded/i4/i1/TB10CNgKXXXXXa1XFXXXXXXXXXX_!!0-item_pic.jpg,浙江 杭州
"苹果
IMAC
A1843 2017新款台式一体机带数字小键盘magic电脑键盘膜",一通数码专营店,24.0,4,//g-search2.alicdn.com/img/bao/uploaded/i4/i1/504420617/TB1J0xCcWzB9uJjSZFMXXXq4XXa_!!0-item_pic.jpg,福建 福州
"苹果新款
imac
键盘膜mac一体机无线蓝牙apple键盘膜台式机电脑硅胶",卡美琪数码专营店,18.0,9,//g-search3.alicdn.com/img/bao/uploaded/i4/i4/2457110891/O1CN011IS7M8c22l1mwFX_!!2457110891-0-item_pic.jpg,广东 深圳
"进口
IMAC
鹦鹉用品自动喂水器外挂饮水器水壶滚珠八哥玄凤牡丹画眉",hankschen123,19.0,129,//g-search2.alicdn.com/img/bao/uploaded/i4/i2/127607897/TB2TkS8AOCYBuNkSnaVXXcMsVXa_!!127607897.jpg,上海
"苹果 原装 SSD 固态硬盘Macbook PRO电脑 Air 垃圾桶
iMac
升级512G",blue_sky528,1680.0,38,//g-search1.alicdn.com/img/bao/uploaded/i4/i4/45740927/TB2dH4ne4k98KJjSZFoXXXS6pXa_!!45740927.jpg,上海
"麦多多Type-c公对公数据线双头c to cPD快充typec充电线苹果MacBook/
iMac
pro小米笔记本switch华为P20Mate10",mcdodo诚舜专卖店,58.0,9,//g-search2.alicdn.com/img/bao/uploaded/i4/i1/1991689626/O1CN012Kyl0K9uN0cgB0d_!!0-item_pic.jpg,上海
"苹果原装无线蓝牙数字妙控键盘Magic keyboard2二代
imac
电脑超薄",blue_sky528,560.0,28,//g-search1.alicdn.com/img/bao/uploaded/i4/i1/45740927/TB2iZ.hgY9YBuNjy0FgXXcxcXXa_!!45740927.jpg,上海
"适用苹果
imac
一体机键盘膜蓝牙无线键盘保护膜 mac台式电脑保护",缘好数码专营店,12.0,13,//g-search2.alicdn.com/img/bao/uploaded/i4/i2/TB167YBKFXXXXaPaXXXXXXXXXXX_!!0-item_pic.jpg,上海
"绿联 mini dp转hdmi高清线适用苹果雷电surface迷你dp转接电视4K笔记本
imac
投影仪视频线转换器",联志数码专营店,49.0,5,//g-search2.alicdn.com/img/bao/uploaded/i4/i3/1120075642/TB1xjP3clUSMeJjy1zdXXaR3FXa_!!0-item_pic.jpg,四川 成都
"酷奇 透明tpu苹果一体机电脑无线键盘保护膜
iMac
蓝牙台式Mac",亚比玉数码专营店,19.9,4,//g-search1.alicdn.com/img/bao/uploaded/i4/i2/712109075/TB1ef2waamWBuNkHFJHXXaatVXa_!!0-item_pic.jpg,江苏 南京
"倍晶 苹果MacBook pro笔记本电脑键盘保护膜Mac一体机Air配件
iMac",亚比玉数码专营店,19.9,2,//g-search3.alicdn.com/img/bao/uploaded/i4/i2/712109075/TB1fdDacf9TBuNjy1zbXXXpepXa_!!0-item_pic.jpg,江苏 南京
"MacBook苹果电脑/air/
iMac
数码配件Word for wps mac office定制",中万维旗舰店,35.0,167,//g-search3.alicdn.com/img/bao/uploaded/i4/i1/2124159553/TB2gbC6vTmWBKNjSZFBXXXxUFXa_!!2124159553-0-item_pic.jpg,北京
"酷奇 透明tpu苹果一体机电脑无线键盘保护膜
iMac
蓝牙台式Mac",亚比玉数码专营店,19.9,4,//g-search1.alicdn.com/img/bao/uploaded/i4/i2/712109075/TB1ef2waamWBuNkHFJHXXaatVXa_!!0-item_pic.jpg,江苏 南京
"倍晶 苹果MacBook pro笔记本电脑键盘保护膜Mac一体机Air配件
iMac",亚比玉数码专营店,19.9,2,//g-search3.alicdn.com/img/bao/uploaded/i4/i2/712109075/TB1fdDacf9TBuNjy1zbXXXpepXa_!!0-item_pic.jpg,江苏 南京
"MacBook苹果电脑/air/
iMac
数码配件Word for wps mac office定制",中万维旗舰店,35.0,167,//g-search2.alicdn.com/img/bao/uploaded/i4/i1/2124159553/TB2gbC6vTmWBKNjSZFBXXXxUFXa_!!2124159553-0-item_pic.jpg,北京
"Mac苹果一体机电脑屏幕膜
iMac
21.5 27寸显示器保护贴膜降辐射蓝光",丰纬信数码专营店,39.0,2,//g-search3.alicdn.com/img/bao/uploaded/i4/i3/TB1g1IYRXXXXXb1apXXXXXXXXXX_!!0-item_pic.jpg,江苏 南京
"苹果一体机台式电脑
imac
键盘膜无线magic keyboard保护套配件贴膜苹果air13笔记本macbook12pro13.3寸15键膜",ucons旗舰店,18.0,4,//g-search1.alicdn.com/img/bao/uploaded/i4/i1/1833255983/O1CN011u4G8KxqPKGR5V1_!!0-item_pic.jpg,广东 广州
"电脑显示器增高架 铝合金托架
IMAC
金属架桌面键盘收纳笔记本底座",小彩虹店,98.0,203,//g-search1.alicdn.com/img/bao/uploaded/i4/i4/1993350589/O1CN01dcd4tg1GDnkzIA4s9_!!0-item_pic.jpg,广东 深圳
"宜客莱ECOLA键盘膜11.6MacBook12air13.3pro15.4英寸透明PS版
iMac",宜客莱旗舰店,68.0,6,//g-search3.alicdn.com/img/bao/uploaded/i4/i3/TB1tMokRVXXXXX3XXXXXXXXXXXX_!!0-item_pic.jpg,上海
"seenDa铝合金笔记本支架苹果电脑macbook桌面显示器底座
iMac
增高",卓语数码专营店,108.0,5,//g-search1.alicdn.com/img/bao/uploaded/i4/i1/2169608883/TB1nPoZdXooBKNjSZPhXXc2CXXa_!!0-item_pic.jpg,广东 深圳
"苹果2017款
IMAC
无线蓝牙一体机键盘膜台式保护贴膜有数字小键盘",酷本数码配件专营店,19.8,5,//g-search3.alicdn.com/img/bao/uploaded/i4/i1/TB1ulJfSXXXXXakXpXXXXXXXXXX_!!0-item_pic.jpg,上海
"一体机
iMac
苹果电脑键盘贴膜 Mac Air Pro台式机有线蓝牙键盘保护全覆盖防尘罩垫子套",广丰源数码专营店,15.8,14,//g-search2.alicdn.com/img/bao/uploaded/i4/i4/TB1XlszJpXXXXb4XXXXXXXXXXXX_!!0-item_pic.jpg,福建 福州
"苹果
imac
无线蓝牙台式一体机电脑键盘保护magic keyboard贴mac膜",卡登数码专营店,19.0,5,//g-search3.alicdn.com/img/bao/uploaded/i4/i3/TB1rpySSpXXXXbMaXXXXXXXXXXX_!!0-item_pic.jpg,上海
"新款苹果
iMac
一体机键盘膜蓝牙无线magic keyboard保护贴膜A1644",缘好数码专营店,12.0,9,//g-search2.alicdn.com/img/bao/uploaded/i4/i2/1769309479/TB1Mg_ZbsuYBuNkSmRyXXcA3pXa_!!0-item_pic.jpg,上海
"泰克森 mac苹果笔记本电脑macbook无线蓝牙充电鼠标纤薄台式
imac",泰克森旗舰店,38.0,19,//g-search1.alicdn.com/img/bao/uploaded/i4/i2/2083255268/O1CN011ommwgszZBvGpdh_!!0-item_pic.jpg,浙江 杭州
"2017新款
iMac
苹果一体机Magic Keyboard无线键盘保护膜台式机电脑带数字区小键盘A1843防尘罩2018透明键盘膜",果粉数码专营店,15.0,5,//g-search3.alicdn.com/img/bao/uploaded/i4/i1/2147072314/O1CN010R7rJi1SxqyAn8VTx_!!2147072314.jpg,广东 广州
"金属鼠标垫外星人联想小米戴尔华硕dell惠普三星笔记本
iMAC
苹果商务简约时尚铝合金游戏华为神舟宏基thinkpad",南通酷宝数码专营店,31.8,3,//g-search3.alicdn.com/img/bao/uploaded/i4/i4/1097218672/TB2KSiCsyQnBKNjSZFmXXcApVXa_!!1097218672-0-item_pic.jpg,上海
"iMac
苹果2018一体机台式电脑无线蓝牙magic键盘保护膜keyboard防尘罩Air全覆盖macbookPro配件12英寸13笔记本",cooskin酷奇旗舰店,9.9,32,//g-search1.alicdn.com/img/bao/uploaded/i4/i2/2087535447/TB1BbOqlsnI8KJjSspeXXcwIpXa_!!0-item_pic.jpg,上海
"iMac
苹果笔记本电脑键盘膜 macbook pro air retina 11 13寸 15",耶歌数码专营店,19.0,1,//g-search1.alicdn.com/img/bao/uploaded/i4/i3/TB1.A.rJpXXXXa0XVXXXXXXXXXX_!!0-item_pic.jpg,上海
"Kingred DDR3 1066/1067 4G
iMac
MacBook pro苹果电脑内存条",kingred金力得旗舰店,159.0,3,//g-search2.alicdn.com/img/bao/uploaded/i4/i1/TB13z8nHpXXXXXLapXXXXXXXXXX_!!0-item_pic.jpg,北京
"苹果一体机台式机
iMac
G6 A1243 MB110ch/B数字小键盘保护贴膜",花絮晨曦专卖店,9.9,21,//g-search3.alicdn.com/img/bao/uploaded/i4/i4/TB1ozo7LpXXXXbjXpXXXXXXXXXX_!!0-item_pic.jpg,福建 福州
"苹果电脑显示器增高支架铝合金抬高托架笔记本金属键盘桌面收纳底座
IMAC
屏幕一体机办公室台式机垫高小米游戏",酷本数码专营店,83.0,8,//g-search1.alicdn.com/img/bao/uploaded/i4/i4/444716097/O1CN011uuTHd7EpaS8QDD_!!0-item_pic.jpg,浙江 台州
"2015款
imac
苹果一体机A1644键盘保护贴膜2016款二代Magic Keyboard透明彩色凹凸垫按键防尘水保护套MLA22CH/A",英杰数码专营店,9.9,17,//g-search2.alicdn.com/img/bao/uploaded/i4/i3/2121604138/TB1wMJukY_I8KJjy1XaXXbsxpXa_!!0-item_pic.jpg,江西 鹰潭
"Macbook air pro
imac
苹果双系统安装win10重装MAC双系统虚拟7/8",常青藤服务专营店,30.0,566,//g-search1.alicdn.com/img/bao/uploaded/i4/i2/1688110158/TB2Y4ibcQPoK1RjSZKbXXX1IXXa_!!1688110158-0-item_pic.jpg,浙江 杭州
"bubm 苹果二代蓝牙键盘托护腕垫子底座硅胶
iMac
一体机无线键盘支架护腕 Magic keyboard2无线蓝牙键盘底座",bubm千普专卖店,88.0,2,//g-search3.alicdn.com/img/bao/uploaded/i4/i4/2452048927/TB2.74Av5MnBKNjSZFzXXc_qVXa_!!2452048927-0-item_pic.jpg,浙江 杭州
"imac
一体机支架 桌面底座 笔记本电脑显示器屏27站立增高垫高架子",湘蕴数码专营店,168.0,1,//g-search3.alicdn.com/img/bao/uploaded/i4/i3/TB1Q1pyKVXXXXX4XVXXXXXXXXXX_!!0-item_pic.jpg,上海
"2017 2018新款苹果macbook pro touch bar Air 11.6 15.4 12笔记本Mac电脑
IMAC
一体机键盘保护贴膜13英寸13.3",上海靓本数码专营店,9.9,14,//g-search3.alicdn.com/img/bao/uploaded/i4/i1/TB1lp1ePpXXXXaFaXXXXXXXXXXX_!!0-item_pic.jpg,上海
"2018新款
iMac
苹果一体机Magic Keyboard无线键盘保护膜台式机电脑带数字区小键盘A1843防尘罩2017透明键盘膜",果粉数码专营店,25.0,1,//g-search2.alicdn.com/img/bao/uploaded/i4/i2/2147072314/O1CN011SxqyAnAJlWh9rd_!!2147072314.jpg,广东 广州
"苹果
iMac
Macbook 拆机擦屏布 苹果屏幕擦屏布 清洁布 眼镜布",舰创电子,9.9,68,//g-search3.alicdn.com/img/bao/uploaded/i4/i4/356442908/O1CN011XLuDILuzdpfr2p_!!356442908.jpg,上海
"蓝牙键盘托 护腕垫
iMac
Magic Keyboard底托底座电脑手腕托保护套木制",湘蕴数码专营店,48.0,3,//g-search2.alicdn.com/img/bao/uploaded/i4/i4/TB1baK0NVXXXXapXXXXXXXXXXXX_!!0-item_pic.jpg,上海
"moshi摩仕苹果键盘膜一体机
iMac
无线妙控magic键盘贴膜透明超薄苹果
iMac
蓝牙键盘保护膜正品",麦城数码专营店,110.0,6,//g-search3.alicdn.com/img/bao/uploaded/i4/i2/1665733296/TB1hkmUdeuSBuNjSsziXXbq8pXa_!!0-item_pic.jpg,广东 深圳
"imac
苹果台式一体机电脑mac无线蓝牙鼠标4.0充电省电配件女生纤薄",江东索酷数码专营店,38.0,10,//g-search3.alicdn.com/img/bao/uploaded/i4/i2/1067181510/O1CN011N1cWzIBbNxdYsW_!!0-item_pic.jpg,上海
"imac
苹果台式一体机电脑mac无线蓝牙鼠标4.0充电省电游戏女生纤薄",泰克森旗舰店,38.0,1,//g-search1.alicdn.com/img/bao/uploaded/i4/i1/2083255268/O1CN011ommwj0Sqpkkq5e_!!0-item_pic.jpg,浙江 杭州
"绿联USB3.1 type-c公对公c-to-c双头数据线小米6/8/华为p1020移动硬盘
iMac
苹果MacBook pro/switch3a快充电线",绿联圆赟专卖店,45.0,3,//g-search1.alicdn.com/img/bao/uploaded/i4/i4/3386804265/O1CN011hNPggUFkzKHzO8_!!0-item_pic.jpg,上海
"苹果台式机一体机
iMac
G6 A1243无线蓝牙有线大长键盘保护贴膜",卡宇诺数码专营店,15.0,0,//g-search2.alicdn.com/img/bao/uploaded/i4/i2/T1ut1jFi0bXXXXXXXX_!!0-item_pic.jpg,上海
"小米苹果电脑无线鼠标办公省电联想USB笔记本
imac
台式通用华硕女",天磊旗舰店,52.0,20,//g-search1.alicdn.com/img/bao/uploaded/i4/i4/2456902458/O1CN011U1o0LUdEcCtoaK_!!0-item_pic.jpg,广东 深圳
"苹果
iMac
一体机无线键盘保护膜A1314 G6台式机电脑凹凸垫防尘水套罩贴一代Magic Wireles Keyboard/MD094CH/A",英杰数码专营店,9.9,19,//g-search3.alicdn.com/img/bao/uploaded/i4/i2/TB1q.jQLpXXXXcRXVXXXXXXXXXX_!!0-item_pic.jpg,江西 鹰潭
"magic trackpad2 妙控板 2 苹果触摸板
IMAC
无线蓝牙触控板手写板",wewaguangzhou,325.0,119,//g-search1.alicdn.com/img/bao/uploaded/i4/i4/74926989/TB2boB.rv5TBuNjSspmXXaDRVXa_!!74926989.jpg,广东 广州
"电脑无线鼠标办公省电USB笔记本
imac
台式通用苹果华硕小米戴尔USB",卡美琪数码专营店,49.0,11,//g-search3.alicdn.com/img/bao/uploaded/i4/i1/TB1sjqDQpXXXXaFXpXXXXXXXXXX_!!0-item_pic.jpg,广东 深圳
"【20周年纪念款
iMac
G3】Spigen苹果X手机壳Classic C1糖果色硅胶iPhoneX防摔潮牌个性创意保护套包新款抖音",新青年数码专营店,198.0,2,//g-search2.alicdn.com/img/bao/uploaded/i4/i1/445773478/TB2J.l3I25TBuNjSspmXXaDRVXa_!!445773478-0-item_pic.jpg,上海
"Just Mobile 桌面一体机电脑支架抽屉式收纳盒 Drawer
imac
支架",杰思摩波旗舰店,588.0,1,//g-search3.alicdn.com/img/bao/uploaded/i4/i1/2454265656/O1CN011reUce5Odtbh6YB_!!0-item_pic.jpg,上海
"电脑显示器架铝合金托架
IMAC
金属底座桌面键盘收纳笔记本支架",美天忆数码专营店,98.0,2,//g-search1.alicdn.com/img/bao/uploaded/i4/i4/618004494/TB1SGFObb7U5uJjSZFFXXaYHpXa_!!0-item_pic.jpg,江苏 南京
"2017新款苹果一体机电脑
IMAC
充电蓝牙无线magic键盘膜保护贴膜",酷本数码配件专营店,22.8,2,//g-search1.alicdn.com/img/bao/uploaded/i4/i3/1656758415/TB1boF0mvDH8KJjy1XcXXcpdXXa_!!0-item_pic.jpg,上海
"JRC 新款苹果
IMAC
无线台式一体机键盘膜magic keyboard保护膜贴膜",果粉数码专营店,15.0,2,//g-search3.alicdn.com/img/bao/uploaded/i4/i1/2147072314/O1CN01S1wlBA1Sxqy9y4dLx_!!2147072314.jpg,广东 广州
"jrc 清洁布苹果笔记本电脑 iphone5s 6s
imac
屏幕机身静电纤维布",jrc佰仕泰专卖店,12.9,3,//g-search1.alicdn.com/img/bao/uploaded/i4/i1/T1W8fmFsNfXXXXXXXX_!!0-item_pic.jpg,浙江 杭州
"苹果一体机电脑屏幕膜
iMac
21.5寸Mac27英寸显示器防蓝光磨砂保护贴膜配件高清膜防指纹防反光抗蓝光防辐射",果粉数码专营店,28.0,1,//g-search3.alicdn.com/img/bao/uploaded/i4/i2/2147072314/O1CN01D5EoVA1Sxqy95eiPQ_!!2147072314.jpg,广东 广州
"JRC 新款苹果
IMAC
无线台式一体机键盘膜magic keyboard保护膜贴膜",果粉数码专营店,15.0,2,//g-search1.alicdn.com/img/bao/uploaded/i4/i1/2147072314/O1CN01S1wlBA1Sxqy9y4dLx_!!2147072314.jpg,广东 广州
"jrc 清洁布苹果笔记本电脑 iphone5s 6s
imac
屏幕机身静电纤维布",jrc佰仕泰专卖店,12.9,3,//g-search2.alicdn.com/img/bao/uploaded/i4/i1/T1W8fmFsNfXXXXXXXX_!!0-item_pic.jpg,浙江 杭州
"苹果一体机电脑屏幕膜
iMac
21.5寸Mac27英寸显示器防蓝光磨砂保护贴膜配件高清膜防指纹防反光抗蓝光防辐射",果粉数码专营店,28.0,1,//g-search3.alicdn.com/img/bao/uploaded/i4/i2/2147072314/O1CN01D5EoVA1Sxqy95eiPQ_!!2147072314.jpg,广东 广州
"iKlear iK-2B苹果
iMac
液晶屏幕 眼镜数码相机60ml清洁剂",环宇佳信数码专营店,69.0,3,//g-search3.alicdn.com/img/bao/uploaded/i4/i4/T17GP8FlxhXXXXXXXX_!!0-item_pic.jpg,北京
"电脑显示器增高架台式机屏幕底座桌面折叠收纳支架托架整理支架子抬高
IMAC
显示屏苹果一体机办公室台式机垫高",云理游数码专营店,35.8,8,//g-search1.alicdn.com/img/bao/uploaded/i4/i3/2172962501/TB1AjGim7voK1RjSZFDXXXY3pXa_!!0-item_pic.jpg,上海
"苹果一体机
iMac
台式笔记本MacBook Pro Air 13寸电脑键盘保护贴膜",怡本数码专营店,18.8,0,//g-search3.alicdn.com/img/bao/uploaded/i4/i1/TB18kQJSXXXXXb.XVXXXXXXXXXX_!!0-item_pic.jpg,上海
"JRC苹果笔记本功能键盘膜
imac
macbook air pro寸ps快捷键保护膜",畅优汇数码专营店,39.0,2,//g-search1.alicdn.com/img/bao/uploaded/i4/i2/TB1eKSnKpXXXXcJXVXXXXXXXXXX_!!0-item_pic.jpg,浙江 杭州
"苹果G6
IMAC
一体机ipad无线蓝牙键盘保护贴膜全包围防水防尘罩",卡宇诺数码专营店,25.0,1,//g-search3.alicdn.com/img/bao/uploaded/i4/i1/TB1TqfHRXXXXXaUapXXXXXXXXXX_!!0-item_pic.jpg,上海
"镁光DDR4 2400苹果原装4G 8G 16GB笔记本内存条
iMac
一体机黑条3代",blue_sky528,258.0,60,//g-search1.alicdn.com/img/bao/uploaded/i4/i1/45740927/TB27ch6ofuSBuNkHFqDXXXfhVXa_!!45740927.jpg,上海
"Moshi摩仕苹果MagicKeyboard一体机键盘膜
iMac
透明键盘保护膜新款",恒恬数码专营店,110.0,1,//g-search2.alicdn.com/img/bao/uploaded/i4/i3/870256155/TB1R2CRhf9TBuNjy0FcXXbeiFXa_!!0-item_pic.jpg,上海
"Air13键盘保护贴膜Mac笔记本12苹果MacBook Pro电脑13.3英寸配件全覆盖
imac
防尘罩11.6台式15.6配件2018新款",南通酷宝数码专营店,16.8,1,//g-search3.alicdn.com/img/bao/uploaded/i4/i1/1097218672/TB2wy1bI4SYBuNjSspjXXX73VXa_!!1097218672-0-item_pic.jpg,上海
"键盘底托
imac
电脑 Magic Keyboard蓝牙键盘托架木制保护套木质支架底盘 适用于
imac
带数字小键盘的键盘使用",湘蕴数码专营店,98.0,1,//g-search1.alicdn.com/img/bao/uploaded/i4/i3/2104994993/TB2twagEqSWBuNjSsrbXXa0mVXa_!!2104994993-0-item_pic.jpg,上海
"新款苹果原装无线蓝牙触摸板Magic Trackpad2二代触控
iMac
妙控板",bai_203,880.0,32,//g-search2.alicdn.com/img/bao/uploaded/i4/i1/37656861/TB2ekuWiAyWBuNjy0FpXXassXXa_!!37656861.jpg,上海
"电脑显示器增高架 铝合金托架
IMAC
金属架 苹果笔记本支架键盘收纳底座
IMAC
显示屏苹果pro一体机办公室台式机",蚌埠捷诚数码专营店,98.0,1,//g-search1.alicdn.com/img/bao/uploaded/i4/i1/751688154/TB1eTq6m3MPMeJjy1XdXXasrXXa_!!0-item_pic.jpg,上海
"DUSTGO 苹果
iMac
电脑罩键盘鼠标罩 防尘罩 27寸
iMac
专用 二件套",dustgo旗舰店,145.0,0,//g-search2.alicdn.com/img/bao/uploaded/i4/i4/277547381/O1CN0124OXpboXBfyqLjB_!!0-item_pic.jpg,福建 厦门
"JRC 苹果
IMAC
无线蓝牙台式一体机键盘膜magic keyboard保护膜贴膜",昊越数码专营店,28.0,4,//g-search3.alicdn.com/img/bao/uploaded/i4/i4/TB1YOZYKXXXXXbKXVXXXXXXXXXX_!!0-item_pic.jpg,上海
"SkinAT一体机键盘膜
iMac
无线蓝牙键盘贴纸Keyboard Trackpad贴膜",尚势数码专营店,89.0,1,//g-search3.alicdn.com/img/bao/uploaded/i4/i4/TB1Z7LUKFXXXXaSXpXXXXXXXXXX_!!0-item_pic.jpg,北京
"苹果macbookpro13寸13.3电脑air笔记本
imac
键盘12贴11膜15保护薄",倍晶旗舰店,19.0,6,//g-search1.alicdn.com/img/bao/uploaded/i4/i4/2890102121/TB1DLrfmRDH8KJjSszcXXbDTFXa_!!0-item_pic.jpg,上海
"苹果
iMac
一体机电脑高清屏幕膜21.5寸Mac27防蓝光紫外线氧眼贴",维杜卡铭科专卖店,29.0,2,//g-search3.alicdn.com/img/bao/uploaded/i4/i1/747827533/O1CN0125WA2B3WxMzmczB_!!0-item_pic.jpg,浙江 宁波
"Moshi摩仕苹果MagicKeyboard一体机键盘膜
iMac
透明键盘保护膜新款",摩仕旗舰店,118.0,2,//g-search3.alicdn.com/img/bao/uploaded/i4/i1/2921014724/TB25AtpsAomBKNjSZFqXXXtqVXa_!!2921014724-0-item_pic.jpg,上海
"水之镜苹果
iMac
台式一体机电脑屏幕膜防蓝光辐射显示器贴膜21.5寸27寸保护膜",鑫多数码专营店,75.0,1,//g-search1.alicdn.com/img/bao/uploaded/i4/i1/2260377409/O1CN0124bMvUHABEHVfG9_!!0-item_pic.jpg,浙江 绍兴
"mac苹果笔记本macbook12电脑pro13.3键盘膜air13保护膜15
imac
贴膜",昊越数码专营店,38.0,1,//g-search3.alicdn.com/img/bao/uploaded/i4/i2/454214885/TB1OtjYdkSWBuNjSszdXXbeSpXa_!!0-item_pic.jpg,上海
"苹果
imac
一体机21.5寸/27寸外屏B壳A1311/A1312显示屏幕玻璃",安然的雨99,75.0,82,//g-search3.alicdn.com/img/bao/uploaded/i4/i3/1021512145/TB21ksdqEhnpuFjSZFpXXcpuXXa_!!1021512145.png,广东 深圳
"苹果专用27寸
iMac
电脑液晶一体机显示器屏幕抗辐射 防蓝光保护屏",潮派旗舰店,268.0,2,//g-search3.alicdn.com/img/bao/uploaded/i4/i3/1749278173/O1CN01XDi9b72AFHWM2djc9_!!0-item_pic.jpg,江苏 泰州
"Moshi摩仕
imac
键盘膜苹果电脑键盘套轻薄透明一体机防尘带数字区全覆盖键盘保护膜贴膜苹果电脑膜键盘贴",恒恬数码专营店,110.0,1,//g-search1.alicdn.com/img/bao/uploaded/i4/i1/870256155/TB1Xji0hb5YBuNjSspoXXbeNFXa_!!0-item_pic.jpg,上海
"Apple Care 苹果电脑 官方延保计划 MacBook Pro 12 13 15寸
iMac",尤里xx,888.0,13,//g-search3.alicdn.com/img/bao/uploaded/i4/i4/112417306/O1CN0123qC7VQuiLDzze3_!!112417306.jpg,江苏 南京
"Apple Remote苹果macbook pro
imac
iphone A1294 APPLE TV遥控器",donpv梦蕾专卖店,85.0,0,//g-search1.alicdn.com/img/bao/uploaded/i4/i1/1705594539/TB24W0crvuSBuNkHFqDXXXfhVXa_!!1705594539-0-item_pic.jpg,上海
"Macbook苹果 air pro 13 15 17寸笔记本键盘膜
imac
时尚卡通可爱膜",stsun329,29.0,74,//g-search3.alicdn.com/img/bao/uploaded/i4/i4/52610062/O1CN011CKR1VU0a0JARSP_!!52610062.jpg,北京
"2015 5k
IMac
Mac苹果一体机内存条 16G (2X8G)1866 1867 笔记本",帝之选旗舰店,1599.0,0,//g-search1.alicdn.com/img/bao/uploaded/i4/i1/2358542537/TB1HNVOlhTI8KJjSspiXXbM4FXa_!!0-item_pic.jpg,上海
"2015新款 苹果台式机
imac
无线键盘保护膜 苹果一体机电脑键盘膜",一通数码专营店,9.0,6,//g-search1.alicdn.com/img/bao/uploaded/i4/i2/TB1HI7MKpXXXXXNXVXXXXXXXXXX_!!0-item_pic.jpg,福建 福州
"mac苹果笔记本电脑macbook无线蓝牙鼠标4.0充电省电台式
imac
薄静音无声男女生可爱便携办公游戏 光电小迷你",荣泰鼎丰数码专营店,45.0,17,//g-search3.alicdn.com/img/bao/uploaded/i4/i2/2256528648/O1CN012DkpeTEl2wQIBkz_!!0-item_pic.jpg,北京
"CE-LINK迷你Mini DisplayPort转HDMI转换器苹果电脑雷电dp高清线
imac
台式机连接显示器投影仪高清大屏",昕线数码专营店,48.0,3,//g-search2.alicdn.com/img/bao/uploaded/i4/i4/TB1q.gGPVXXXXbmXXXXXXXXXXXX_!!0-item_pic.jpg,上海
"LM270QQ1 SDA2 SSA1
iMac
MF886 462 A1419 5K Retina液晶屏幕",lcdg旗舰店,1550.0,4,//g-search3.alicdn.com/img/bao/uploaded/i4/i1/712365377/TB2GW1CECBYBeNjy0FeXXbnmFXa_!!712365377-0-item_pic.jpg,广东 深圳
"苹果新款Macbook Air Pro 13.3 15英寸12键盘膜
IMAC
一体机键盘贴",酷本数码配件专营店,18.8,0,//g-search2.alicdn.com/img/bao/uploaded/i4/i3/1656758415/TB1K.OHhH_I8KJjy1XaXXbsxpXa_!!0-item_pic.jpg,上海
"imac
苹果台式一体机电脑mac无线蓝牙鼠标4.0充电省电游戏纤薄女生",格思图数码专营店,38.0,1,//g-search3.alicdn.com/img/bao/uploaded/i4/i3/1884341616/O1CN011NoAVwSqnSue0VU_!!0-item_pic.jpg,上海
"jrc 苹果一体机键盘膜彩色
imac
保护贴macbook air pro 12 13 15寸",万石数码专营店,39.0,2,//g-search3.alicdn.com/img/bao/uploaded/i4/i1/2457079299/TB1hPxImSzqK1RjSZFLXXcn2XXa_!!0-item_pic.jpg,广东 广州
"无线鼠标贴膜防尘 Mac苹果鼠标保护膜蓝牙鼠标彩色贴鼠标硅胶贴膜防滑鼠标套防指纹防手汗
iMac
超薄配件微磨砂",视锦数码专营店,12.9,2,//g-search3.alicdn.com/img/bao/uploaded/i4/i1/TB1co00FVXXXXasXXXXXXXXXXXX_!!0-item_pic.jpg,安徽 合肥
"苹果台式电脑一体机
imac
无线触控板膜二代保护膜Magic Trackpad 2贴膜配件外接触控板贴膜微磨砂手感顺滑触控",蜗牛数码专营店,19.8,5,//g-search1.alicdn.com/img/bao/uploaded/i4/i2/2031983018/TB1qcVUpL9TBuNjy0FcXXbeiFXa_!!0-item_pic.jpg,广东 深圳
"新款2016苹果Magic Keyboard键盘膜
iMac
一体机小键盘保护贴膜套垫",花絮晨曦专卖店,9.9,2,//g-search3.alicdn.com/img/bao/uploaded/i4/i4/788458947/TB1x1KIX_MG5uJjSZFAXXbmspXa_!!0-item_pic.jpg,福建 福州
"酷奇电脑增高支架台式液晶显示器底座
iMac
笔记本Macbook简易桌面收纳铝合金材质垫高简约金属工艺托架苹果air",南通酷宝数码专营店,88.8,5,//g-search2.alicdn.com/img/bao/uploaded/i4/i3/1097218672/TB21EEBGVmWBuNjSspdXXbugXXa_!!1097218672-0-item_pic.jpg,上海
"绿联USB3.1 type-c公对公c-to-c双头数据线小米6/8/华为p1020移动硬盘
iMac
苹果MacBook pro/switch3a快充电线",绿联文杰基业专卖店,49.0,0,//g-search1.alicdn.com/img/bao/uploaded/i4/i3/3449426178/O1CN011vVZMlRE0ivXQ5u_!!0-item_pic.jpg,北京
"苹果电脑
iMac
一体机内存DDR3 4G镁光8GB黑条DDR4 2400 16G现代",尤里xx,600.0,16,//g-search3.alicdn.com/img/bao/uploaded/i4/i2/112417306/TB2Pmb3aMMPMeJjy1XcXXXpppXa_!!112417306.jpg,江苏 南京
"PBAIEN/潘博恩 电脑显示器增高架笔记本收纳支架
iMac
一体机金属底座",pbaien旗舰店,135.0,1,//g-search3.alicdn.com/img/bao/uploaded/i4/i3/2084560777/TB2wnpiBxuTBuNkHFNRXXc9qpXa_!!2084560777-0-item_pic.jpg,广东 广州
"Apple/苹果 MacBook
iMac
Wireless Keyboard 蓝牙无线键盘 妙控",李小麦的店,568.0,17,//g-search3.alicdn.com/img/bao/uploaded/i4/i2/2539737278/TB2Jmq2pKySBuNjy1zdXXXPxFXa_!!2539737278.jpg,北京
"苹果电脑
iMac
一体机内存DDR3 4G镁光8GB黑条DDR4 2400 16G现代",尤里xx,600.0,16,//g-search3.alicdn.com/img/bao/uploaded/i4/i2/112417306/TB2Pmb3aMMPMeJjy1XcXXXpppXa_!!112417306.jpg,江苏 南京
"PBAIEN/潘博恩 电脑显示器增高架笔记本收纳支架
iMac
一体机金属底座",pbaien旗舰店,135.0,1,//g-search3.alicdn.com/img/bao/uploaded/i4/i3/2084560777/TB2wnpiBxuTBuNkHFNRXXc9qpXa_!!2084560777-0-item_pic.jpg,广东 广州
"Apple/苹果 MacBook
iMac
Wireless Keyboard 蓝牙无线键盘 妙控",李小麦的店,568.0,17,//g-search2.alicdn.com/img/bao/uploaded/i4/i2/2539737278/TB2Jmq2pKySBuNjy1zdXXXPxFXa_!!2539737278.jpg,北京
"Moshi摩仕苹果蓝牙无线键盘膜新款一体机键盘膜
iMac
键盘膜",摩仕迪门专卖店,148.0,1,//g-search2.alicdn.com/img/bao/uploaded/i4/i1/TB1HXA4MpXXXXaqXFXXXXXXXXXX_!!0-item_pic.jpg,上海
"MACBOOK苹果笔记本一体机电脑键盘膜台式机
imac
无线键盘保护贴膜",花絮轩雨阁专卖店,9.9,2,//g-search3.alicdn.com/img/bao/uploaded/i4/i1/TB1wRAqOpXXXXbhXVXXXXXXXXXX_!!0-item_pic.jpg,福建 福州
"Applecare
iMac
MacBook Pro Air 苹果延保服务计划总代注册ACPP",bai_203,528.0,33,//g-search3.alicdn.com/img/bao/uploaded/i4/i1/37656861/TB2hDB9hYArBKNjSZFLXXc_dVXa_!!37656861.jpg,上海
"苹果原装蓝牙无线触摸板Magic Trackpad2二代触控
iMac
电脑妙控板",blue_sky528,880.0,11,//g-search3.alicdn.com/img/bao/uploaded/i4/i3/45740927/TB2VlvvgYuWBuNjSszgXXb8jVXa_!!45740927.jpg,上海
"JCPAL MacPad硬质鼠标垫
imac
一体机苹果笔记本Macbook磨砂鼠标垫",家门口数码专营,48.0,2,//g-search1.alicdn.com/img/bao/uploaded/i4/i2/TB1vZmKKXXXXXaEXFXXXXXXXXXX_!!0-item_pic.jpg,广东 广州
"绿联 MD111 Mini DisplayPort转mini dp线
iMac
Mac pro Air接LED",文俊数码专营店,35.0,5,//g-search1.alicdn.com/img/bao/uploaded/i4/i1/TB1e5FpQVXXXXXZaXXXXXXXXXXX_!!0-item_pic.jpg,北京
"苹果Mini DP公对公连接线迷你DP线雷电视频线2米
iMAC
外接显示器线",celink富贝斯专卖店,35.0,2,//g-search1.alicdn.com/img/bao/uploaded/i4/i1/1124533026/TB1GB5pij3z9KJjy0FmXXXiwXXa_!!0-item_pic.jpg,广东 广州
"苹果笔记本电脑彩色键盘膜Macbook Pro Air 13 11 15 Retina
iMac",江东索酷数码专营店,20.0,1,//g-search2.alicdn.com/img/bao/uploaded/i4/i2/1067181510/O1CN011N1cWyzkpWff041_!!0-item_pic.jpg,上海
"Moshi 摩仕 苹果一体机
iMac
超薄键盘膜 带数字区键盘保护膜贴膜",摩仕旗舰店,118.0,5,//g-search3.alicdn.com/img/bao/uploaded/i4/i1/2921014724/TB2KA4xtBjTBKNjSZFwXXcG4XXa_!!2921014724-0-item_pic.jpg,上海
"苹果2017款
IMAC
无线蓝牙一体机键盘膜台式保护贴膜有数字小键盘",昊越数码专营店,24.0,1,//g-search3.alicdn.com/img/bao/uploaded/i4/i1/TB13U38RVXXXXcOXXXXXXXXXXXX_!!0-item_pic.jpg,上海
"Moshi摩仕
imac
键盘贴全覆盖苹果电脑键盘膜轻薄透明一体机
iMac
键盘膜防尘全覆盖键盘保护膜贴膜苹果键盘膜",恒恬数码专营店,110.0,0,//g-search1.alicdn.com/img/bao/uploaded/i4/i3/870256155/TB1IICnhgaTBuNjSszfXXXgfpXa_!!0-item_pic.jpg,上海
"苹果一体机电脑键盘保护膜
iMac
G6 有线USB带数字小键盘透明膜",一通数码专营店,8.8,4,//g-search1.alicdn.com/img/bao/uploaded/i4/i1/TB1smO1LFXXXXcIaXXXXXXXXXXX_!!0-item_pic.jpg,福建 福州
"苹果鼠标贴膜Apple Magic Mouse无线蓝牙
imac
鼠标保护贴膜 鼠标套",果粉数码专营店,9.8,6,//g-search3.alicdn.com/img/bao/uploaded/i4/i2/2147072314/O1CN011Sxqy8emyWTcPcD_!!2147072314.jpg,广东 广州
"以诺 笔记本鼠标垫纯色环保橡胶面料防滑游戏苹果
iMac
电脑办公mac",果粉数码专营店,9.8,14,//g-search3.alicdn.com/img/bao/uploaded/i4/i3/2147072314/O1CN01qbSNqx1Sxqy9bb7bS_!!2147072314.jpg,广东 广州
"JCPAL新款
iMac
苹果一体机键盘膜Mac台式机电脑蓝牙无线键盘保护膜",家门口数码专营,48.0,1,//g-search1.alicdn.com/img/bao/uploaded/i4/i3/720249445/TB1g2FWSFXXXXbSXVXXXXXXXXXX_!!0-item_pic.jpg,广东 广州
"SkinAT 苹果笔记本键盘贴膜台式电脑
iMac
无线键盘贴纸字母按键贴",尚势数码专营店,5.0,1,//g-search1.alicdn.com/img/bao/uploaded/i4/i4/T1gB4zFcdcXXXXXXXX_!!0-item_pic.jpg,北京
"苹果
IMAC
无线蓝牙台式一体机键盘膜magic keyboard保护贴膜A1644",家门口数码专营,15.0,3,//g-search3.alicdn.com/img/bao/uploaded/i4/i1/720249445/TB2MfHKz1uSBuNjSsziXXbq8pXa_!!720249445-0-item_pic.jpg,广东 广州
"iMac
21.5寸Mac mini升级三星/SAMSUNG MZ-75E250B/CN固态硬盘服务",blue_sky528,600.0,9,//g-search3.alicdn.com/img/bao/uploaded/i4/i4/45740927/TB2.R2qnm_I8KJjy0FoXXaFnVXa_!!45740927.jpg,上海
"mac苹果笔记本电脑macbook无线蓝牙鼠标4.0充电省电台式
imac
超薄",耶歌数码专营店,28.0,0,//g-search1.alicdn.com/img/bao/uploaded/i4/i2/2080037750/TB1BYbnc2NNTKJjSspeXXaSwpXa_!!0-item_pic.jpg,上海
"mac超苹果笔记本电脑macbook无线鼠标蓝牙鼠标充电省电台式
imac
薄节能静音华硕惠普联想小米笔记本电脑",昊越数码专营店,29.0,10,//g-search2.alicdn.com/img/bao/uploaded/i4/i2/TB1Z8xgKFXXXXcAXFXXXXXXXXXX_!!0-item_pic.jpg,上海
"苹果macbook AIR 13笔记本 Pro13.3
imac
电脑键盘保护贴膜",巨雷数码专营店,9.9,2,//g-search3.alicdn.com/img/bao/uploaded/i4/i4/TB1.nMuHpXXXXaLXXXXXXXXXXXX_!!0-item_pic.jpg,上海
"SkinAT 苹果笔记本键盘膜
iMac
无线键盘贴纸 MacBook创意按键贴纸",乐乐贴,22.5,23,//g-search3.alicdn.com/img/bao/uploaded/i4/i3/201249601/O1CN012KnJ5vtM3Pt7poC_!!201249601.jpg,北京
"苹果一体机保护贴膜高清防蓝光膜
iMac
21.5寸显示器22屏幕膜27",耶歌数码专营店,29.0,2,//g-search1.alicdn.com/img/bao/uploaded/i4/i2/2080037750/TB1DsDcsY1YBuNjSszeXXablFXa_!!0-item_pic.jpg,上海
"DUSTGO 苹果
iMac
一体机电脑罩键盘鼠标防尘罩21.5寸专用 二件套",dustgo旗舰店,110.0,0,//g-search2.alicdn.com/img/bao/uploaded/i4/i2/277547381/O1CN0124OXpaDyzmGI7ru_!!0-item_pic.jpg,福建 厦门
"imac
苹果笔记本电脑键盘膜 pro air 13 11 15 寸 retina 贴 透明",米路数码专营店,6.8,18,//g-search3.alicdn.com/img/bao/uploaded/i4/i3/TB1v8_sOXXXXXboapXXXXXXXXXX_!!0-item_pic.jpg,浙江 绍兴
"iMac
防护套(赠键盘罩).21.5寸/27寸.电脑罩.防尘罩.保护套.苹果",白明悦,69.0,9,//g-search2.alicdn.com/img/bao/uploaded/i4/i2/50697802/TB2ecfhppXXXXb4XpXXXXXXXXXX_!!50697802.jpg,黑龙江 哈尔滨
"Moshi摩仕 苹果蓝牙无线键盘膜保护膜 台式一体机
iMac
键盘膜",蝌蚪电子专营店,110.0,0,//g-search3.alicdn.com/img/bao/uploaded/i4/i3/170344398/TB1GXcfknvI8KJjSspjXXcgjXXa_!!0-item_pic.jpg,广东 深圳
"AK672MB-R 「CABLE USB A-B
IMAC
BLUE 2M」",彬兴数码专营店,54.34,1,//g-search3.alicdn.com/img/bao/uploaded/i4/i3/2458221308/TB1f7PDHL5TBuNjSspcXXbnGFXa_!!0-item_pic.jpg,广东 深圳
"苹果
IMAC
Mac mini macbook pro 内存条16G 2x8G DDR3 1600",诚信买卖广场,480.0,59,//g-search1.alicdn.com/img/bao/uploaded/i4/i1/TB1MplnQFXXXXXmXFXXXXXXXXXX_!!0-item_pic.jpg,浙江 杭州
"意大利进口
IMAC
狗窝大狗窝床不粘毛容易清洗可拆洗柯基中大型犬",ying777540,205.0,9,//g-search3.alicdn.com/img/bao/uploaded/i4/i2/1602319080/TB2uZOxtUOWBKNjSZKzXXXfWFXa_!!1602319080.png,上海
"AirPlay无线同屏器HDMI苹果MacBook Pro/Air笔记本电脑连接投影仪电视显示器
iMac
Pro电脑投屏线转接头转换器",久宇旗舰店,168.0,1,//g-search2.alicdn.com/img/bao/uploaded/i4/i2/2451726446/O1CN011xUJVkj4VDrnbGv_!!0-item_pic.jpg,广东 深圳
"Just Mobile 一体机
iMac
底座可旋转360度静音铝钢珠展示盘架",杰思摩波旗舰店,489.0,1,//g-search3.alicdn.com/img/bao/uploaded/i4/i3/2454265656/O1CN011reUcfGchA1wA05_!!0-item_pic.jpg,上海
"苹果快捷功能键盘保护膜
imac
一体机macbook air11 12 pro13 15寸",司各托数码配件专营店,45.0,1,//g-search2.alicdn.com/img/bao/uploaded/i4/i1/1672975935/TB1KJlDmQvoK1RjSZPfXXXPKFXa_!!0-item_pic.jpg,广东 广州
"北京天猫店 美国iKlear IK-IPAD苹果 平板iPad
iMac
屏幕清洁套装",环宇佳信数码专营店,128.0,0,//g-search3.alicdn.com/img/bao/uploaded/i4/i2/TB1zW45FVXXXXb1aXXXXXXXXXXX_!!0-item_pic.jpg,北京
"现代镁光4G黑条DDR3/4适用苹果
iMac
一体机电脑2400原装原厂8G内存",bai_203,240.0,35,//g-search3.alicdn.com/img/bao/uploaded/i4/i3/37656861/TB2ja.ojCtYBeNjSspkXXbU8VXa_!!37656861.jpg,上海
"SkinAT
iMac
无线蓝牙键盘贴膜Magic Keyboard苹果一体机键盘贴膜",尚势数码专营店,89.0,2,//g-search3.alicdn.com/img/bao/uploaded/i4/i1/TB1Bi49LpXXXXcYXXXXXXXXXXXX_!!0-item_pic.jpg,北京
"原装进口
IMAC
小鸟小型鹦鹉用品自动喂水喂食器内置下料器食盒防撒",hankschen123,35.0,46,//g-search1.alicdn.com/img/bao/uploaded/i4/i3/127607897/TB2DT2qqRjTBKNjSZFDXXbVgVXa_!!127607897.jpg,上海
"苹果一体机台式电脑
imac
键盘膜无线magic keyboard保护套配件贴膜",亚捷数码配件专营店,33.0,1,//g-search3.alicdn.com/img/bao/uploaded/i4/i4/3252536020/O1CN011uLCmjZRh8lbd7B_!!0-item_pic.jpg,广东 广州
"CableCreation Mini DisplayPort转mini dp
iMac
苹果笔记本电脑Mac pro Air接LED雷电大屏连接线4K高清视频线",cablecreation旗舰店,25.0,2,//g-search3.alicdn.com/img/bao/uploaded/i4/i3/4011053258/O1CN011ZwCqykvgKkdwWP_!!0-item_pic.jpg,广东 深圳
"慕斯爱上法派 意大利
imac
宠物航空箱天窗顶开款猫狗外出携带托运",允儿1122,195.0,4,//g-search3.alicdn.com/img/bao/uploaded/i4/i1/393800751/O1CN011HPzuFnfQWcTvUg_!!393800751.jpg,江苏 苏州
"苹果笔记本电脑彩色键盘膜Macbook Pro Air 13 11 15 Retina
iMac",格思图数码专营店,22.0,0,//g-search1.alicdn.com/img/bao/uploaded/i4/i1/1884341616/O1CN011NoAVvIcMwVHvWj_!!0-item_pic.jpg,上海
"CableCreation Mini DisplayPort转mini dp
iMac
苹果笔记本电脑Mac pro Air接LED雷电大屏连接线4K高清视频线",cablecreation旗舰店,25.0,2,//g-search2.alicdn.com/img/bao/uploaded/i4/i3/4011053258/O1CN011ZwCqykvgKkdwWP_!!0-item_pic.jpg,广东 深圳
"慕斯爱上法派 意大利
imac
宠物航空箱天窗顶开款猫狗外出携带托运",允儿1122,195.0,4,//g-search1.alicdn.com/img/bao/uploaded/i4/i1/393800751/O1CN011HPzuFnfQWcTvUg_!!393800751.jpg,江苏 苏州
"苹果笔记本电脑彩色键盘膜Macbook Pro Air 13 11 15 Retina
iMac",格思图数码专营店,22.0,0,//g-search3.alicdn.com/img/bao/uploaded/i4/i1/1884341616/O1CN011NoAVvIcMwVHvWj_!!0-item_pic.jpg,上海
"苹果21.5英寸
iMac
电脑专用防辐射屏幕屏抗蓝光显示器保护防护屏罩",潮派旗舰店,168.0,0,//g-search2.alicdn.com/img/bao/uploaded/i4/i1/1749278173/O1CN01x37b462AFHWKVyQAs_!!0-item_pic.jpg,江苏 泰州
"JCPAL 苹果一体机
imac
无线蓝牙键盘膜 Magic Keyboard 键盘保护膜",一淘天下数码专营店,108.0,0,//g-search1.alicdn.com/img/bao/uploaded/i4/i3/1110153103/TB1s9idXrGYBuNjy0FoXXciBFXa_!!0-item_pic.jpg,河北 石家庄
"JCPAL 新款苹果一体机
iMac
硅胶键盘膜 Magic Keyboard键盘保护膜",一淘天下数码专营店,108.0,0,//g-search2.alicdn.com/img/bao/uploaded/i4/i2/1110153103/TB1fk1iXv9TBuNjy1zbXXXpepXa_!!0-item_pic.jpg,河北 石家庄
"芬耐德
iMac
MacBook pro 苹果 16G(2*8G) DDR3 1333 1600 原厂",finnedeh芬耐德旗舰店,1050.0,0,//g-search1.alicdn.com/img/bao/uploaded/i4/i3/T1qSu7FeleXXXXXXXX_!!0-item_pic.jpg,上海
"Capdase/卡登仕MacBook mini displayport转VGA转换器
iMac
正品",capdase卡登仕旗舰店,99.0,0,//g-search2.alicdn.com/img/bao/uploaded/i4/i3/TB1FefhMVXXXXXRXVXXXXXXXXXX_!!2-item_pic.png,广东 东莞
"苹果
imac
电脑一体机清洁套装升级 维修工具屏幕拆机吸盘螺丝刀",zhaoxin旗舰,39.0,15,//g-search2.alicdn.com/img/bao/uploaded/i4/i1/1860075683/TB1HZY1c7fb_uJkSmLyXXcxoXXa_!!0-item_pic.jpg,广东 深圳
"意大利进口
IMAC
狗窝透气防水结实狗垫子四季可拆洗不粘毛狗床猫窝",ying777540,85.0,26,//g-search3.alicdn.com/img/bao/uploaded/i4/i4/1602319080/TB2WQH_imMmBKNjSZTEXXasKpXa_!!1602319080.png,上海
"封闭猫厕所抽屉式祖玛猫砂盆意大利
IMAC
进口肥猫无忧",悠宠外贸,243.0,6,//g-search3.alicdn.com/img/bao/uploaded/i4/i2/1640116093/TB1UuQrCKOSBuNjy0FdXXbDnVXa_!!0-item_pic.jpg,江苏 常州
"新款2015苹果Magic Keyboard键盘膜
iMac
一体机小键盘硅胶保护膜",花絮轩雨阁专卖店,9.9,3,//g-search3.alicdn.com/img/bao/uploaded/i4/i2/TB1f3jxLXXXXXa3XVXXXXXXXXXX_!!0-item_pic.jpg,福建 福州
"适用苹果
iMac
A1418 一体机液晶屏幕 外玻璃LM215WF3 SD D1",航海电子液晶屏,510.0,23,//g-search2.alicdn.com/img/bao/uploaded/i4/i2/719895961/TB27nB.sItnpuFjSZFvXXbcTpXa_!!719895961.jpg,浙江 杭州
"MACBOOK苹果笔记本一体机电脑键盘膜台式机
imac
无线键盘保护贴膜",花絮晨曦专卖店,9.9,4,//g-search3.alicdn.com/img/bao/uploaded/i4/i2/TB1.QRhQVXXXXbFXXXXXXXXXXXX_!!0-item_pic.jpg,福建 福州
"Macbook air pro
imac
苹果双系统安装win10重装MAC双系统虚拟7/8",百年育人软件专营店,30.0,58,//g-search1.alicdn.com/img/bao/uploaded/i4/i1/192658696/O1CN01NvY28l2E6oewW6E2d_!!0-item_pic.jpg,上海
"现货苹果
IMac
A1419 A1418 一体机 21寸 27寸 屏幕胶条双面胶纸",舰创电子科技,29.0,14,//g-search1.alicdn.com/img/bao/uploaded/i4/i2/2936921912/O1CN011PzjjM9KIBHsdzQ_!!2936921912.jpg,上海
"电脑显示器
imac
增高架usb充电抬高托架笔记本底座收纳置物架子",小彩虹店,99.8,36,//g-search2.alicdn.com/img/bao/uploaded/i4/i1/1993350589/O1CN01fl3iYw1GDnkxvfRbS_!!0-item_pic.jpg,广东 深圳
"苹果
iMac
A1418 A1419一体机液晶显示屏幕总成27寸21.5寸玻璃外屏",120568324qq,510.0,29,//g-search2.alicdn.com/img/bao/uploaded/i4/i1/526250698/TB2OzPOgTAKL1JjSZFCXXXFspXa_!!526250698.jpg,浙江 杭州
"进口
IMAC
宠物饮水机猫咪自动循环喝水器狗狗喷泉喂水器静音饮水器",hankschen123,278.0,12,//g-search3.alicdn.com/img/bao/uploaded/i4/i1/127607897/TB2SkwCpDmWBKNjSZFBXXXxUFXa_!!127607897.jpg,上海
"Apple/苹果
iMac
27 英寸
iMac
3.2GHz 5K台式机
iMac
pro",wally31,12200.0,8,//g-search1.alicdn.com/img/bao/uploaded/i4/i3/20432857/TB2zgJTeKGSBuNjSspbXXciipXa_!!20432857.jpg,北京
"苹果一体机台式机
iMac
G6 A1243数字小键盘 键盘保护贴膜",花絮轩雨阁专卖店,8.9,0,//g-search3.alicdn.com/img/bao/uploaded/i4/i3/TB1u3QrIXXXXXaDXXXXXXXXXXXX_!!0-item_pic.jpg,福建 福州
"苹果Air13键盘保护贴膜Mac笔记本12MacBook Pro电脑13.3英寸11配件全覆盖
imac
防尘罩11.6台式15.6配件一体机",心科办公专营店,12.8,9,//g-search1.alicdn.com/img/bao/uploaded/i4/i1/3703786670/TB2ryyYahnaK1RjSZFtXXbC2VXa_!!3703786670-0-item_pic.jpg,广东 深圳
"iQunix Spider显示器增高支架
iMac
笔记本Macbook电脑桌面底座收纳",bbf266,168.0,17,//g-search3.alicdn.com/img/bao/uploaded/i4/i3/12507726/O1CN01SGQBCy26wYTh955EW_!!12507726.jpg,广东 深圳
"MacBook苹果电脑air/pro/
iMac
版配件Word for wps mac office定制",zmj13510,17.5,635,//g-search1.alicdn.com/img/bao/uploaded/i4/i3/2012873732/TB25vxKdpzqK1RjSZFzXXXjrpXa_!!2012873732.jpg,广东 深圳
"新款
imac
用触控板二代保护贴膜套装 Magic Trackpad 2贴膜",家门口数码专营,20.0,7,//g-search1.alicdn.com/img/bao/uploaded/i4/i1/720249445/TB1OZ0zg_tYBeNjy1XdXXXXyVXa_!!0-item_pic.jpg,广东 广州
"JRC 触控板二代超保护贴膜新款
imac
专用Magic Trackpad 2贴膜配件 薄防刮防尘 手感佳",昊越数码专营店,24.0,0,//g-search3.alicdn.com/img/bao/uploaded/i4/i4/TB1whlIKVXXXXcMXpXXXXXXXXXX_!!0-item_pic.jpg,上海
"JRC 苹果
IMAC
无线蓝牙台式一体机键盘膜magic keyboard保护膜贴膜",果粉数码专营店,35.0,0,//g-search3.alicdn.com/img/bao/uploaded/i4/i3/2147072314/O1CN011SxqyASLET0nwcM_!!2147072314.jpg,广东 广州
"新款苹果一体机
imac
触控板膜 二代保护贴膜 Magic Trackpad 2贴膜",果粉数码专营店,23.0,4,//g-search2.alicdn.com/img/bao/uploaded/i4/i2/2147072314/O1CN011SxqyBmzmBAQ2ij_!!2147072314.jpg,广东 广州
"IMAC
进口鹦鹉笼子钢丝金属铁艺鸟笼小型防撒繁殖虎皮玄凤文鸟芙蓉",hankschen123,229.0,5,//g-search3.alicdn.com/img/bao/uploaded/i4/i1/127607897/O1CN0128CsBfXEj5ayaRq_!!127607897.jpg,上海
"2015新款
iMac
苹果一体机键盘膜 台式机电脑蓝牙无线键盘保护膜",花絮轩雨阁专卖店,9.9,3,//g-search3.alicdn.com/img/bao/uploaded/i4/i2/TB1f3jxLXXXXXa3XVXXXXXXXXXX_!!0-item_pic.jpg,福建 福州
"Moshi摩仕
iMac
超纤维屏擦Macbook苹果笔记本电脑液晶屏幕清洁套装",虎卓数码专营店,88.0,1,//g-search3.alicdn.com/img/bao/uploaded/i4/i2/1858316698/TB16hqyof5TBuNjSspcXXbnGFXa_!!0-item_pic.jpg,上海
"苹果台式机
imac
无线键盘保护膜 苹果一体机电脑键盘膜 ME086CH/A",一通数码专营店,8.0,4,//g-search2.alicdn.com/img/bao/uploaded/i4/i3/TB14btRJFXXXXX8XFXXXXXXXXXX_!!0-item_pic.jpg,福建 福州
"MacbookAir RetinaPro笔记本
iMac
一体机电脑高清透明屏幕保护贴膜",blue_sky528,40.0,21,//g-search2.alicdn.com/img/bao/uploaded/i4/i3/45740927/TB2nReEnmfD8KJjSszhXXbIJFXa_!!45740927.jpg,上海
"苹果键盘
IMAC
电脑无线蓝牙G6 键盘 Magic Keyboard",iphone街客数码,148.0,70,//g-search3.alicdn.com/img/bao/uploaded/i4/i1/2818854691/TB2CiEyqXXXXXXGXXXXXXXXXXXX_!!2818854691.jpg,广东 广州
"17款 5k
iMac
苹果一体机 macpro垃圾桶 内存条 8G 16G 海力士镁光",李小麦的店,588.0,8,//g-search1.alicdn.com/img/bao/uploaded/i4/i4/2539737278/TB2j1sPdwjN8KJjSZFkXXaboXXa_!!2539737278.jpg,北京
"包邮宠物碗 狗碗狗盆 猫碗猫盆 猫狗食盆 单碗
IMAC
意大利原装进口",悠宠外贸,30.4,11,//g-search2.alicdn.com/img/bao/uploaded/i4/i1/1640116093/TB2oWf4eAvoK1RjSZFwXXciCFXa_!!1640116093.jpg,江苏 常州
"苹果
iMac
Pro一体机Mac电脑垃圾桶AppleCare官方延保服务保修计划",blue_sky528,880.0,7,//g-search1.alicdn.com/img/bao/uploaded/i4/i4/45740927/TB2B.hdeGLN8KJjSZFGXXbjrVXa_!!45740927.jpg,上海
"米青 MacBook Air笔记本电脑Pro苹果HDMI转接线
iMac
转换头电视机",米青旗舰店,18.0,3,//g-search1.alicdn.com/img/bao/uploaded/i4/i3/TB1Dd4yMXXXXXXDXpXXXXXXXXXX_!!0-item_pic.jpg,广东 深圳
"Macbook air pro
imac
苹果电脑重装双系统安装重装MAC虚拟机",熊客旗舰店,10.0,528,//g-search3.alicdn.com/img/bao/uploaded/i4/i4/859750553/TB1.IUVbhSYBuNjSsphXXbGvVXa_!!0-item_pic.jpg,广东 深圳
"苹果鼠标 magic mouse 2代
IMAC
电脑笔记本无线蓝牙 妙控鼠标 2",wewaguangzhou,215.0,119,//g-search1.alicdn.com/img/bao/uploaded/i4/i3/74926989/TB2SlTMrCtYBeNjSspaXXaOOFXa_!!74926989.jpg,广东 广州
"Magic Trackpad2苹果触控板触摸板无线蓝牙macbook笔记本
imac
电脑",永辉信德,300.0,59,//g-search2.alicdn.com/img/bao/uploaded/i4/i1/202380501/TB2dBhyjpXXXXb7XXXXXXXXXXXX_!!202380501.jpg,上海
"Macbook苹果 air pro 11 13 15寸笔记本键盘膜
imac
时尚炫彩虹渐变",stsun329,29.0,17,//g-search1.alicdn.com/img/bao/uploaded/i4/i3/52610062/TB240NacSiJ.eBjSszfXXa4bVXa_!!52610062.jpg,北京
"包邮意大利
IMAC
宠物碗猫狗盆碗狗狗食盆 双碗 水碗饭盆0.3L+0.3L",悠宠外贸,51.2,4,//g-search1.alicdn.com/img/bao/uploaded/i4/i4/1640116093/TB1AY5qdAvoK1RjSZFDXXXY3pXa_!!0-item_pic.jpg,江苏 常州
"Apple苹果电脑蓝牙无线键盘1代2代原装G6Keyboard
iMac
笔记本鼠标",汇源电脑科技,99.0,3,//g-search1.alicdn.com/img/bao/uploaded/i4/i3/392947654/TB2Q2NnXh3IL1JjSZPfXXcrUVXa_!!392947654.jpg,广东 广州
